pm_ref,pm_rel,weight
NCT04713592,NCT00244842,6
NCT04713592,NCT03764475,6
NCT04713592,NCT05357755,6
NCT04713592,NCT03721172,6
NCT04713592,NCT01101100,6
NCT04713592,NCT01815723,6
NCT04713592,NCT01646177,6
NCT04713592,NCT00673556,6
NCT04713592,NCT01640951,6
NCT04713592,NCT01163253,6
NCT04713592,NCT03766685,6
NCT04713592,NCT05004727,6
NCT04713592,NCT02274792,6
NCT04713592,NCT02899988,6
NCT04713592,NCT00879944,6
NCT04713592,NCT00419666,6
NCT04713592,NCT00833729,6
NCT04713592,NCT04175613,6
NCT04713592,NCT05364554,6
NCT04713592,NCT01831466,6
NCT04713592,NCT02435342,6
NCT04713592,NCT04862286,6
NCT04713592,NCT06088043,6
NCT04713592,NCT02074982,6
NCT04713592,NCT03635099,6
NCT04713592,NCT04746911,6
NCT04713592,NCT05600036,6
NCT04713592,NCT01406938,6
NCT04713592,NCT05268016,6
NCT04713592,NCT04435600,6
NCT05776810,NCT04972071,6
NCT05776810,NCT05560126,6
NCT05776810,NCT00118482,6
NCT05776810,NCT02786940,6
NCT05776810,NCT05657925,6
NCT05776810,NCT01456481,6
NCT05776810,NCT05633693,6
NCT05776810,NCT01423994,6
NCT05776810,NCT05555771,6
NCT05776810,NCT05755737,6
NCT05776810,NCT02324920,6
NCT05776810,NCT03974412,6
NCT05776810,NCT04790058,6
NCT05600894,NCT02268253,8
NCT05600894,NCT03306264,6
NCT05600894,NCT02367456,6
NCT05600894,NCT03268954,6
NCT05600894,NCT01522976,6
NCT05600894,NCT02907359,6
NCT05600894,NCT00946647,6
NCT05600894,NCT00451048,6
NCT05600894,NCT04256317,6
NCT05600894,NCT02610777,6
NCT05707949,NCT02614261,6
NCT05707949,NCT06047457,6
NCT05707949,NCT02621931,6
NCT05707949,NCT04464707,6
NCT05707949,NCT05518123,6
NCT05707949,NCT04759040,6
NCT05707949,NCT06047444,6
NCT05707949,NCT02502123,6
NCT05707949,NCT04649242,6
NCT05707949,NCT03806595,6
NCT05707949,NCT04458857,6
NCT05707949,NCT05217927,6
NCT05707949,NCT03504150,6
NCT05707949,NCT05164172,6
NCT05707949,NCT05711394,6
NCT05707949,NCT05028569,6
NCT05707949,NCT03855137,6
NCT05707949,NCT03238781,6
NCT05707949,NCT02710942,6
NCT05707949,NCT03836040,6
NCT05707949,NCT02638103,6
NCT05707949,NCT02903680,6
NCT05707949,NCT00505570,6
NCT05707949,NCT05556564,6
NCT05707949,NCT02794441,6
NCT05707949,NCT02436499,6
NCT05707949,NCT02456740,6
NCT05707949,NCT03832998,6
NCT05707949,NCT06428838,6
NCT05707949,NCT04686136,6
NCT05544929,NCT04866394,6
NCT05544929,NCT01896713,6
NCT05544929,NCT01803542,6
NCT05544929,NCT00898755,6
NCT05544929,NCT03908684,6
NCT05544929,NCT01514864,6
NCT05544929,NCT05456685,6
NCT05544929,NCT02124772,6
NCT05544929,NCT04209855,6
NCT05544929,NCT00248404,6
NCT05544929,NCT03058289,6
NCT05544929,NCT04235114,6
NCT05544929,NCT05241873,6
NCT05544929,NCT04891029,6
NCT05544929,NCT05214820,6
NCT05544929,NCT03475966,6
NCT05544929,NCT04065269,6
NCT05544929,NCT05671510,6
NCT05544929,NCT03156114,6
NCT05544929,NCT04151342,6
NCT05544929,NCT01505400,6
NCT05544929,NCT05920356,6
NCT05544929,NCT02034110,6
NCT05544929,NCT04262466,6
NCT05544929,NCT02732860,6
NCT05544929,NCT01264432,6
NCT05544929,NCT05041257,6
NCT05583344,NCT05029583,8
NCT05583344,NCT03008070,6
NCT05583344,NCT05327127,6
NCT05583344,NCT02466516,6
NCT05583344,NCT04065841,6
NCT05583344,NCT03449446,6
NCT05583344,NCT03053063,6
NCT05583344,NCT03421431,6
NCT05583344,NCT03205150,6
NCT05583344,NCT02855164,6
NCT05583344,NCT04048876,6
NCT05583344,NCT04267393,6
NCT05583344,NCT04971785,6
NCT05583344,NCT02787304,6
NCT05583344,NCT01672879,6
NCT05583344,NCT03517540,6
NCT05583344,NCT04399538,6
NCT05583344,NCT03900429,6
NCT05583344,NCT04771273,6
NCT05583344,NCT01056133,6
NCT05583344,NCT03053050,6
NCT05583344,NCT04849728,6
NCT05583344,NCT01672866,6
NCT05583344,NCT03166735,6
NCT05583344,NCT02854605,6
NCT05583344,NCT04378010,6
NCT05583344,NCT02704403,6
NCT06120491,NCT05938270,8
NCT06120491,NCT00686036,6
NCT06120491,NCT01878773,6
NCT06120491,NCT01512472,6
NCT06120491,NCT00188708,6
NCT06120491,NCT03424694,6
NCT06120491,NCT01733836,6
NCT06120491,NCT05851547,6
NCT06120491,NCT00106691,6
NCT06120491,NCT06235697,6
NCT06120491,NCT02975934,6
NCT06120491,NCT01547299,6
NCT06120491,NCT03938766,6
NCT06120491,NCT03459820,6
NCT06120491,NCT04281147,6
NCT06120491,NCT02077335,6
NCT06120491,NCT02960022,6
NCT06120491,NCT03385655,6
NCT06120491,NCT00295802,6
NCT06120491,NCT02229734,6
NCT06120491,NCT00043069,6
NCT06120491,NCT01993160,6
NCT06120491,NCT00910754,6
NCT06120491,NCT00946920,6
NCT06120491,NCT02968784,6
NCT06120491,NCT02095249,6
NCT06120491,NCT00632905,6
NCT06120491,NCT03160794,6
NCT06120491,NCT02108613,6
NCT06120491,NCT02981368,6
NCT05664009,NCT00679809,6
NCT05664009,NCT04267107,6
NCT05664009,NCT03049384,6
NCT05664009,NCT01662076,6
NCT05664009,NCT03825770,6
NCT05664009,NCT00253916,6
NCT05664009,NCT01740505,6
NCT05664009,NCT01232907,6
NCT05664009,NCT05997082,6
NCT05664009,NCT03362541,6
NCT05664009,NCT03516240,6
NCT05664009,NCT01667497,6
NCT05664009,NCT04737278,6
NCT05664009,NCT05430152,6
NCT05664009,NCT05409638,6
NCT05664009,NCT01983592,6
NCT05664009,NCT03484000,6
NCT05664009,NCT01669460,6
NCT05664009,NCT02134782,6
NCT05664009,NCT00428675,6
NCT05664009,NCT00593853,6
NCT05664009,NCT01397656,6
NCT05664009,NCT02105389,6
NCT05664009,NCT02295839,6
NCT05664009,NCT01286233,6
NCT05664009,NCT00380757,6
NCT05664009,NCT01912261,6
NCT05664009,NCT01516554,6
NCT05664009,NCT00866970,6
NCT05664009,NCT00188331,6
NCT05014672,NCT04950127,6
NCT05014672,NCT03602560,6
NCT05014672,NCT04620733,6
NCT05014672,NCT03394924,6
NCT05014672,NCT03301506,6
NCT05014672,NCT05374200,6
NCT05014672,NCT02609048,6
NCT05014672,NCT02955602,6
NCT05014672,NCT05525520,6
NCT05014672,NCT04167358,6
NCT05014672,NCT03602560,6
NCT05014672,NCT02943447,6
NCT05014672,NCT03301506,6
NCT05014672,NCT04526665,6
NCT05014672,NCT04950127,6
NCT05014672,NCT02308111,6
NCT05014672,NCT02955602,6
NCT05014672,NCT03226067,6
NCT05014672,NCT05374200,6
NCT05014672,NCT02966834,6
NCT05014672,NCT03954327,6
NCT05014672,NCT03633227,6
NCT05014672,NCT04620733,6
NCT05014672,NCT03394924,6
NCT05014672,NCT02516605,6
NCT05014672,NCT04791527,6
NCT04283409,NCT03327753,8
NCT04283409,NCT05945719,8
NCT04283409,NCT05938101,8
NCT04283409,NCT05277038,6
NCT04283409,NCT05913817,6
NCT04283409,NCT06072235,6
NCT04283409,NCT00003232,6
NCT04283409,NCT01117870,6
NCT04283409,NCT02357459,6
NCT04283409,NCT02794103,6
NCT04283409,NCT03201874,6
NCT04283409,NCT02697812,6
NCT04283409,NCT01561547,6
NCT04283409,NCT03949179,6
NCT04283409,NCT05986370,6
NCT04283409,NCT03888235,6
NCT04283409,NCT04893369,6
NCT04283409,NCT05294432,6
NCT04283409,NCT05894772,6
NCT04283409,NCT04842097,6
NCT04283409,NCT00139776,6
NCT04283409,NCT05018104,6
NCT04283409,NCT05713656,6
NCT04283409,NCT02764346,6
NCT04283409,NCT06204003,6
NCT04283409,NCT05161832,6
NCT04283409,NCT03672500,6
NCT04283409,NCT03094195,6
NCT04283409,NCT05217563,6
NCT04283409,NCT02116972,6
NCT04752215,NCT04855656,8
NCT04752215,NCT05797168,8
NCT04752215,NCT05067283,8
NCT04752215,NCT04185883,8
NCT04752215,NCT05396833,8
NCT04752215,NCT02663518,8
NCT04752215,NCT02598960,6
NCT04752215,NCT05936359,6
NCT04752215,NCT00652704,6
NCT04752215,NCT02776735,6
NCT04752215,NCT02223598,6
NCT04752215,NCT00514683,6
NCT04752215,NCT01933334,6
NCT04752215,NCT01606761,6
NCT04752215,NCT05823974,6
NCT04752215,NCT01329809,6
NCT04752215,NCT02292537,6
NCT04752215,NCT04771416,6
NCT04752215,NCT03393884,6
NCT04752215,NCT03358290,6
NCT04752215,NCT04294433,6
NCT04752215,NCT00360035,6
NCT04752215,NCT05531890,6
NCT04752215,NCT00952289,6
NCT04752215,NCT01492504,6
NCT04752215,NCT02193074,6
NCT04752215,NCT02668653,6
NCT04752215,NCT04931862,6
NCT04752215,NCT01746901,6
NCT04752215,NCT01944839,6
NCT05742802,NCT01949727,8
NCT05742802,NCT06208306,6
NCT05742802,NCT01852006,6
NCT05742802,NCT05444062,6
NCT05742802,NCT01017952,6
NCT05742802,NCT01559116,6
NCT05742802,NCT01431274,6
NCT05742802,NCT00528996,6
NCT05742802,NCT04320342,6
NCT05742802,NCT05037929,6
NCT05742802,NCT01124422,6
NCT05742802,NCT02860728,6
NCT05742802,NCT06324214,6
NCT05742802,NCT01627327,6
NCT05742802,NCT04119934,6
NCT05742802,NCT00108823,6
NCT05742802,NCT02980575,6
NCT05742802,NCT04284865,6
NCT05742802,NCT01455402,6
NCT05742802,NCT06075095,6
NCT05742802,NCT00076089,6
NCT05742802,NCT02164513,6
NCT05742802,NCT01648621,6
NCT05742802,NCT00239447,6
NCT05742802,NCT01044628,6
NCT05742802,NCT02283580,6
NCT05742802,NCT01533922,6
NCT05742802,NCT00570778,6
NCT05742802,NCT00268216,6
NCT05742802,NCT03102970,6
NCT00315380,NCT04157348,8
NCT00315380,NCT02020889,6
NCT00315380,NCT03712345,6
NCT00315380,NCT01750697,6
NCT00315380,NCT05263934,6
NCT00315380,NCT03298061,6
NCT00315380,NCT02108860,6
NCT00315380,NCT00315393,6
NCT03037931,NCT05636176,8
NCT03037931,NCT02347722,6
NCT03037931,NCT03532009,6
NCT03037931,NCT01281384,6
NCT03037931,NCT03499236,6
NCT03037931,NCT03016325,6
NCT03037931,NCT05724433,6
NCT03037931,NCT03152552,6
NCT03037931,NCT00368641,6
NCT03037931,NCT03541616,6
NCT03037931,NCT02661451,6
NCT03037931,NCT05737940,6
NCT03037931,NCT02116140,6
NCT03037931,NCT00267098,6
NCT03037931,NCT00232180,6
NCT03037931,NCT01864369,6
NCT03037931,NCT04986202,6
NCT03037931,NCT03088033,6
NCT03037931,NCT02717507,6
NCT03037931,NCT02456428,6
NCT03037931,NCT03547583,6
NCT03037931,NCT05560737,6
NCT03037931,NCT00959075,6
NCT03037931,NCT00358215,6
NCT03037931,NCT01685840,6
NCT03037931,NCT06217120,6
NCT03037931,NCT04245605,6
NCT03037931,NCT03103932,6
NCT03037931,NCT03066804,6
NCT03037931,NCT04066907,6
NCT04159662,NCT05739370,6
NCT04159662,NCT04239651,6
NCT04159662,NCT03428555,6
NCT04159662,NCT04793542,6
NCT04159662,NCT01072630,6
NCT04159662,NCT06178731,6
NCT04159662,NCT03106883,6
NCT04159662,NCT03977038,6
NCT04159662,NCT02686333,6
NCT04159662,NCT04780620,6
NCT04159662,NCT03674671,6
NCT04159662,NCT05194267,6
NCT04159662,NCT05570344,6
NCT04159662,NCT04624191,6
NCT04159662,NCT03408821,6
NCT04159662,NCT03043833,6
NCT04159662,NCT01999010,6
NCT04159662,NCT05072210,6
NCT04159662,NCT04255784,6
NCT04159662,NCT02729792,6
NCT04159662,NCT04039568,6
NCT04159662,NCT03775200,6
NCT04159662,NCT02283541,6
NCT04159662,NCT01099592,6
NCT04159662,NCT04350814,6
NCT04159662,NCT00782912,6
NCT04159662,NCT06034821,6
NCT04159662,NCT03296007,6
NCT04159662,NCT04519892,6
NCT04159662,NCT02212366,6
NCT05347238,NCT03248271,6
NCT05347238,NCT01481740,6
NCT05347238,NCT05335174,6
NCT05347238,NCT03113045,6
NCT05347238,NCT01000649,6
NCT05347238,NCT01896960,6
NCT05347238,NCT01561274,6
NCT05347238,NCT01482559,6
NCT05347238,NCT02338843,6
NCT05347238,NCT02043886,6
NCT05347238,NCT05424510,6
NCT05347238,NCT06316817,6
NCT05347238,NCT03956186,6
NCT05347238,NCT02654847,6
NCT05347238,NCT02962986,6
NCT05347238,NCT01914133,6
NCT05347238,NCT03864692,6
NCT05347238,NCT02360085,6
NCT05347238,NCT02302378,6
NCT05347238,NCT01419106,6
NCT05347238,NCT00781157,6
NCT04159155,NCT03660826,8
NCT04159155,NCT03367741,6
NCT04159155,NCT03016338,6
NCT04159155,NCT01935934,6
NCT04159155,NCT02724501,6
NCT04159155,NCT05201547,6
NCT04159155,NCT06132958,6
NCT04159155,NCT05255653,6
NCT04159155,NCT02725268,6
NCT04159155,NCT01767155,6
NCT04159155,NCT05634499,6
NCT04159155,NCT01886066,6
NCT04159155,NCT01005329,6
NCT04159155,NCT04269200,6
NCT04159155,NCT00770185,6
NCT04159155,NCT02042495,6
NCT04159155,NCT04634877,6
NCT04159155,NCT04290299,6
NCT04159155,NCT03555422,6
NCT04159155,NCT03517449,6
NCT04159155,NCT02564276,6
NCT04159155,NCT06038032,6
NCT04159155,NCT00072176,6
NCT04159155,NCT03914612,6
NCT04159155,NCT00003946,6
NCT04159155,NCT04362046,6
NCT04159155,NCT01467219,6
NCT04159155,NCT05797831,6
NCT04159155,NCT00016341,6
NCT04159155,NCT00883116,6
NCT05070858,NCT06282159,6
NCT05070858,NCT00814138,6
NCT05070858,NCT00727194,6
NCT05070858,NCT01997229,6
NCT05070858,NCT03669588,6
NCT05070858,NCT02965573,6
NCT05070858,NCT02473965,6
NCT05070858,NCT05403541,6
NCT05070858,NCT04524273,6
NCT05070858,NCT02774239,6
NCT05070858,NCT05324176,6
NCT05070858,NCT05218096,6
NCT05070858,NCT00294658,6
NCT05070858,NCT05556096,6
NCT05070858,NCT02100969,6
NCT05070858,NCT05566964,6
NCT05070858,NCT04650854,6
NCT05070858,NCT04115293,6
NCT05070858,NCT05132569,6
NCT05070858,NCT04980495,6
NCT05070858,NCT02413580,6
NCT05070858,NCT03770403,6
NCT05070858,NCT05681715,6
NCT05070858,NCT03896295,6
NCT05070858,NCT03863080,6
NCT05070858,NCT03772587,6
NCT05070858,NCT03315130,6
NCT05070858,NCT03920293,6
NCT05070858,NCT02473952,6
NCT05070858,NCT04124965,6
NCT05797168,NCT04752215,8
NCT05797168,NCT02663518,8
NCT05797168,NCT04855656,8
NCT05797168,NCT04185883,8
NCT05797168,NCT05396833,8
NCT05797168,NCT05067283,8
NCT05797168,NCT03991832,6
NCT05797168,NCT01158274,6
NCT05797168,NCT04521621,6
NCT05797168,NCT02350673,6
NCT05797168,NCT04482309,6
NCT05797168,NCT05277051,6
NCT05797168,NCT01928394,6
NCT05797168,NCT02799095,6
NCT05797168,NCT05594043,6
NCT05797168,NCT02341625,6
NCT05797168,NCT00138216,6
NCT05797168,NCT04943900,6
NCT05797168,NCT00357747,6
NCT05797168,NCT03799003,6
NCT05797168,NCT03661632,6
NCT05797168,NCT03805841,6
NCT05797168,NCT04919811,6
NCT05797168,NCT01548482,6
NCT05797168,NCT02830451,6
NCT05797168,NCT00387920,6
NCT05797168,NCT02937272,6
NCT05797168,NCT02556463,6
NCT05797168,NCT03770494,6
NCT05797168,NCT00625456,6
NCT04944173,NCT05317858,6
NCT04944173,NCT00773383,6
NCT04944173,NCT02879760,6
NCT04944173,NCT00449033,6
NCT04944173,NCT01507428,6
NCT04944173,NCT02228421,6
NCT04944173,NCT06452277,6
NCT04944173,NCT03318939,6
NCT04944173,NCT02186847,6
NCT04944173,NCT01712217,6
NCT04944173,NCT02474355,6
NCT04944173,NCT05800015,6
NCT04944173,NCT03057106,6
NCT04944173,NCT02264990,6
NCT04944173,NCT00003313,6
NCT04944173,NCT02864251,6
NCT04944173,NCT01186861,6
NCT04944173,NCT02299505,6
NCT04944173,NCT02041468,6
NCT04944173,NCT01336894,6
NCT04944173,NCT01374100,6
NCT04944173,NCT00806923,6
NCT04944173,NCT02831959,6
NCT04944173,NCT05184712,6
NCT04944173,NCT05338970,6
NCT04944173,NCT00346320,6
NCT04944173,NCT02331394,6
NCT04944173,NCT00517790,6
NCT04944173,NCT01279408,6
NCT04944173,NCT00738387,6
NCT05774951,NCT00388726,8
NCT05774951,NCT01272037,8
NCT05774951,NCT02992782,6
NCT05774951,NCT00777101,6
NCT05774951,NCT01437566,6
NCT05774951,NCT06112379,6
NCT05774951,NCT02132949,6
NCT05774951,NCT03036488,6
NCT05774951,NCT02954874,6
NCT05774951,NCT01077154,6
NCT05774951,NCT01303419,6
NCT05774951,NCT04228991,6
NCT05774951,NCT06247449,6
NCT05774951,NCT02861703,6
NCT05774951,NCT00003736,6
NCT05774951,NCT00005957,6
NCT05774951,NCT03277898,6
NCT05774951,NCT02876848,6
NCT05774951,NCT00909441,6
NCT05774951,NCT03407768,6
NCT05774951,NCT02308020,6
NCT05774951,NCT05217966,6
NCT05774951,NCT06447532,6
NCT05774951,NCT03726879,6
NCT05774951,NCT03781063,6
NCT05774951,NCT03493854,6
NCT05774951,NCT06386263,6
NCT05774951,NCT01047774,6
NCT05774951,NCT04671511,6
NCT05774951,NCT00333775,6
NCT05951959,NCT01073163,6
NCT05951959,NCT04662255,6
NCT05951959,NCT04566887,6
NCT05951959,NCT05471843,6
NCT05951959,NCT02972840,6
NCT05951959,NCT01646021,6
NCT05951959,NCT00722137,6
NCT05951959,NCT00030875,6
NCT05951959,NCT03112174,6
NCT05951959,NCT01776840,6
NCT05951959,NCT03571828,6
NCT05951959,NCT01415752,6
NCT05951959,NCT00877006,6
NCT05951959,NCT00117598,6
NCT03323905,NCT02147158,6
NCT03033251,NCT03741855,6
NCT03033251,NCT03930732,6
NCT03033251,NCT02006732,6
NCT03033251,NCT01313676,6
NCT03033251,NCT02497001,6
NCT03033251,NCT04039113,6
NCT03033251,NCT01321463,6
NCT03033251,NCT00559910,6
NCT03033251,NCT05166889,6
NCT03033251,NCT01949727,6
NCT03033251,NCT01437397,6
NCT03033251,NCT01718496,6
NCT03033251,NCT04751487,6
NCT03033251,NCT04105088,6
NCT03033251,NCT01323660,6
NCT03033251,NCT04456673,6
NCT03033251,NCT01964352,6
NCT03033251,NCT03546907,6
NCT03033251,NCT00891462,6
NCT03033251,NCT04631016,6
NCT03033251,NCT02311114,6
NCT03033251,NCT03345407,6
NCT03033251,NCT05045209,6
NCT03033251,NCT01044459,6
NCT03033251,NCT01120691,6
NCT03033251,NCT05573464,6
NCT03033251,NCT05492877,6
NCT03033251,NCT01490125,6
NCT03033251,NCT00970268,6
NCT03033251,NCT05061368,6
NCT03327753,NCT05938101,8
NCT03327753,NCT05945719,8
NCT03327753,NCT04283409,8
NCT03327753,NCT05277038,6
NCT03327753,NCT05913817,6
NCT03327753,NCT06072235,6
NCT03327753,NCT00003232,6
NCT03327753,NCT01117870,6
NCT03327753,NCT02357459,6
NCT03327753,NCT02794103,6
NCT03327753,NCT03201874,6
NCT03327753,NCT02697812,6
NCT03327753,NCT01561547,6
NCT03327753,NCT03949179,6
NCT03327753,NCT05986370,6
NCT03327753,NCT03888235,6
NCT03327753,NCT04893369,6
NCT03327753,NCT05294432,6
NCT03327753,NCT05894772,6
NCT03327753,NCT04842097,6
NCT03327753,NCT00139776,6
NCT03327753,NCT05018104,6
NCT03327753,NCT05713656,6
NCT03327753,NCT02764346,6
NCT03327753,NCT06204003,6
NCT03327753,NCT05161832,6
NCT03327753,NCT03672500,6
NCT03327753,NCT03094195,6
NCT03327753,NCT05217563,6
NCT03327753,NCT02116972,6
NCT05067283,NCT04752215,8
NCT05067283,NCT04855656,8
NCT05067283,NCT05797168,8
NCT05067283,NCT04185883,8
NCT05067283,NCT02663518,8
NCT05067283,NCT05396833,8
NCT05067283,NCT03991832,6
NCT05067283,NCT01158274,6
NCT05067283,NCT04521621,6
NCT05067283,NCT02350673,6
NCT05067283,NCT04482309,6
NCT05067283,NCT05277051,6
NCT05067283,NCT01928394,6
NCT05067283,NCT02799095,6
NCT05067283,NCT05594043,6
NCT05067283,NCT02341625,6
NCT05067283,NCT00138216,6
NCT05067283,NCT04943900,6
NCT05067283,NCT00357747,6
NCT05067283,NCT03799003,6
NCT05067283,NCT03661632,6
NCT05067283,NCT03805841,6
NCT05067283,NCT04919811,6
NCT05067283,NCT01548482,6
NCT05067283,NCT02830451,6
NCT05067283,NCT00387920,6
NCT05067283,NCT02937272,6
NCT05067283,NCT02556463,6
NCT05067283,NCT03770494,6
NCT05067283,NCT00625456,6
NCT03464019,NCT04952610,6
NCT03464019,NCT04072835,6
NCT03464019,NCT00390546,6
NCT03464019,NCT02469623,6
NCT03464019,NCT02296190,6
NCT03464019,NCT03635996,6
NCT03464019,NCT02095405,6
NCT03899155,NCT00404924,6
NCT03899155,NCT00002583,6
NCT03899155,NCT00550017,6
NCT03899155,NCT02222259,6
NCT03899155,NCT04554667,6
NCT03899155,NCT00003119,6
NCT03899155,NCT04008563,6
NCT03899155,NCT01702922,6
NCT03899155,NCT04262388,6
NCT03899155,NCT03322540,6
NCT03899155,NCT05139706,6
NCT03899155,NCT04793815,6
NCT03899155,NCT00982111,6
NCT03899155,NCT02008227,6
NCT03899155,NCT01168973,6
NCT03899155,NCT00003684,6
NCT03899155,NCT05503797,6
NCT03899155,NCT00066313,6
NCT03899155,NCT03137771,6
NCT03899155,NCT01111032,6
NCT03899155,NCT01163903,6
NCT03899155,NCT01693991,6
NCT03899155,NCT05740566,6
NCT03899155,NCT01480973,6
NCT03899155,NCT03124316,6
NCT03899155,NCT03558165,6
NCT03899155,NCT03765177,6
NCT03899155,NCT02915471,6
NCT03899155,NCT01164046,6
NCT03899155,NCT04221945,6
NCT04177108,NCT03197935,6
NCT04177108,NCT01306032,6
NCT04177108,NCT05629585,6
NCT04177108,NCT04915755,6
NCT04177108,NCT05382286,6
NCT04177108,NCT05382299,6
NCT04177108,NCT03281954,6
NCT04177108,NCT06103864,6
NCT04177108,NCT02688803,6
NCT04177108,NCT02574455,6
NCT04177108,NCT03775850,6
NCT04177108,NCT02425891,6
NCT04177108,NCT03499899,6
NCT04177108,NCT03337724,6
NCT04177108,NCT05374512,6
NCT00002610,NCT02279459,6
NCT00002610,NCT03668119,6
NCT00002610,NCT03818412,6
NCT00002610,NCT02617589,6
NCT00002610,NCT03249584,6
NCT00002610,NCT01479283,6
NCT00002610,NCT05717166,6
NCT00002610,NCT00373425,6
NCT00002610,NCT00125710,6
NCT00002610,NCT03295981,6
NCT00002610,NCT00576758,6
NCT00002610,NCT00045968,6
NCT00002610,NCT04684368,6
NCT00002610,NCT00414089,6
NCT00002610,NCT02391246,6
NCT00002610,NCT05576077,6
NCT00002610,NCT03944798,6
NCT00002610,NCT00919750,6
NCT00002610,NCT02724540,6
NCT00002610,NCT06464341,6
NCT00002610,NCT01116843,6
NCT00002610,NCT03829332,6
NCT00002610,NCT00475670,6
NCT00002610,NCT04339517,6
NCT00002610,NCT06328491,6
NCT00002610,NCT06487403,6
NCT00002610,NCT05284305,6
NCT00002610,NCT03839706,6
NCT00002610,NCT00945009,6
NCT00002610,NCT05727904,6
NCT05846230,NCT03975829,6
NCT05846230,NCT01735955,6
NCT05846230,NCT03606408,6
NCT05846230,NCT01054573,6
NCT05846230,NCT04464226,6
NCT03712033,NCT04789616,8
NCT03712033,NCT02951338,6
NCT03712033,NCT05421533,6
NCT03712033,NCT01189058,6
NCT03712033,NCT03006731,6
NCT03712033,NCT02898610,6
NCT03712033,NCT05447728,6
NCT03712033,NCT02258880,6
NCT03712033,NCT01733160,6
NCT03712033,NCT03570216,6
NCT03712033,NCT06386510,6
NCT03712033,NCT03191422,6
NCT03712033,NCT00262600,6
NCT03712033,NCT02494362,6
NCT03712033,NCT02597569,6
NCT03712033,NCT04044807,6
NCT03712033,NCT03126214,6
NCT03712033,NCT04029233,6
NCT03712033,NCT01769703,6
NCT03712033,NCT05791617,6
NCT03712033,NCT02387229,6
NCT03712033,NCT02405351,6
NCT03712033,NCT04484350,6
NCT03712033,NCT04309474,6
NCT03712033,NCT05016193,6
NCT03712033,NCT00084292,6
NCT03712033,NCT02285933,6
NCT03712033,NCT02316405,6
NCT03712033,NCT04142125,6
NCT03712033,NCT03494530,6
NCT05522244,NCT00826059,6
NCT05522244,NCT00235495,6
NCT05522244,NCT02101606,6
NCT05522244,NCT04462536,6
NCT05522244,NCT03889249,6
NCT05522244,NCT02327793,6
NCT05522244,NCT05675774,6
NCT05522244,NCT03766581,6
NCT05522244,NCT02930018,6
NCT05522244,NCT00856661,6
NCT05522244,NCT03876457,6
NCT05522244,NCT02184936,6
NCT05522244,NCT06320431,6
NCT01949727,NCT05742802,8
NCT01949727,NCT05553223,6
NCT01949727,NCT04704310,6
NCT01949727,NCT02150434,6
NCT01949727,NCT00299858,6
NCT01949727,NCT01072396,6
NCT01949727,NCT05423652,6
NCT01949727,NCT00696020,6
NCT01949727,NCT01855230,6
NCT01949727,NCT01613326,6
NCT01949727,NCT05962164,6
NCT01949727,NCT02321215,6
NCT01949727,NCT04456673,6
NCT01949727,NCT02603393,6
NCT01949727,NCT04966637,6
NCT01949727,NCT02695342,6
NCT01949727,NCT05109754,6
NCT01949727,NCT04320342,6
NCT01949727,NCT00297115,6
NCT01949727,NCT01559116,6
NCT01949727,NCT01942499,6
NCT01949727,NCT00793624,6
NCT01949727,NCT02283580,6
NCT01949727,NCT03405090,6
NCT01949727,NCT00274027,6
NCT01949727,NCT05166889,6
NCT01949727,NCT02080442,6
NCT01949727,NCT01040403,6
NCT01949727,NCT00144326,6
NCT01949727,NCT02690038,6
NCT04102020,NCT00003593,6
NCT04102020,NCT03298516,6
NCT04102020,NCT02993523,6
NCT04102020,NCT02367456,6
NCT04102020,NCT00005866,6
NCT04102020,NCT02545283,6
NCT04102020,NCT00946647,6
NCT04102020,NCT01334086,6
NCT04102020,NCT00438178,6
NCT04102020,NCT03027102,6
NCT04102020,NCT02098967,6
NCT04102020,NCT01883362,6
NCT04102020,NCT02421939,6
NCT04102020,NCT00651261,6
NCT04102020,NCT04789655,6
NCT04102020,NCT04067180,6
NCT04102020,NCT01358734,6
NCT04102020,NCT00260832,6
NCT04102020,NCT01685619,6
NCT04102020,NCT01280786,6
NCT04102020,NCT01307579,6
NCT04102020,NCT01385787,6
NCT04102020,NCT00372593,6
NCT04102020,NCT05275439,6
NCT04102020,NCT02848001,6
NCT04102020,NCT04336982,6
NCT04102020,NCT02775903,6
NCT04102020,NCT02527174,6
NCT04102020,NCT00275080,6
NCT04102020,NCT05079230,6
NCT05704361,NCT02493049,6
NCT05704361,NCT00835770,6
NCT05704361,NCT01738347,6
NCT05704361,NCT03996291,6
NCT05704361,NCT03949387,6
NCT05704361,NCT05313204,6
NCT05704361,NCT04279912,6
NCT05704361,NCT01597297,6
NCT05704361,NCT06141486,6
NCT05704361,NCT00391079,6
NCT05704361,NCT01058005,6
NCT05704361,NCT01144351,6
NCT05704361,NCT03137602,6
NCT05704361,NCT02123537,6
NCT05704361,NCT01226745,6
NCT05704361,NCT04548999,6
NCT05704361,NCT00027300,6
NCT05704361,NCT02545868,6
NCT05704361,NCT01081782,6
NCT05704361,NCT03067025,6
NCT05704361,NCT01194570,6
NCT05704361,NCT01457924,6
NCT05704361,NCT04544436,6
NCT05704361,NCT05496881,6
NCT05704361,NCT04411641,6
NCT05704361,NCT00420212,6
NCT05704361,NCT00906399,6
NCT05704361,NCT05061953,6
NCT05704361,NCT02087631,6
NCT05704361,NCT01611987,6
NCT05938101,NCT03327753,8
NCT05938101,NCT05945719,8
NCT05938101,NCT04283409,8
NCT05938101,NCT05277038,6
NCT05938101,NCT05913817,6
NCT05938101,NCT06072235,6
NCT05938101,NCT00003232,6
NCT05938101,NCT01117870,6
NCT05938101,NCT02357459,6
NCT05938101,NCT02794103,6
NCT05938101,NCT03201874,6
NCT05938101,NCT02697812,6
NCT05938101,NCT01561547,6
NCT05938101,NCT03949179,6
NCT05938101,NCT05986370,6
NCT05938101,NCT03888235,6
NCT05938101,NCT04893369,6
NCT05938101,NCT05294432,6
NCT05938101,NCT05894772,6
NCT05938101,NCT04842097,6
NCT05938101,NCT00139776,6
NCT05938101,NCT05018104,6
NCT05938101,NCT05713656,6
NCT05938101,NCT02764346,6
NCT05938101,NCT06204003,6
NCT05938101,NCT05161832,6
NCT05938101,NCT03672500,6
NCT05938101,NCT03094195,6
NCT05938101,NCT05217563,6
NCT05938101,NCT02116972,6
NCT03832946,NCT01203943,6
NCT03832946,NCT04396756,6
NCT03832946,NCT06097260,6
NCT03832946,NCT01529853,6
NCT03832946,NCT03752892,6
NCT03832946,NCT04708782,6
NCT03832946,NCT04594707,6
NCT03832946,NCT06003426,6
NCT03832946,NCT01872689,6
NCT03832946,NCT05964335,6
NCT03832946,NCT00903331,6
NCT03832946,NCT02538536,6
NCT03832946,NCT00631475,6
NCT03832946,NCT01629667,6
NCT03832946,NCT05321069,6
NCT03832946,NCT01769196,6
NCT03832946,NCT05032066,6
NCT03832946,NCT04552899,6
NCT03832946,NCT05052229,6
NCT03832946,NCT05130970,6
NCT03832946,NCT01890265,6
NCT03832946,NCT02951429,6
NCT03832946,NCT03864328,6
NCT03832946,NCT03261037,6
NCT03832946,NCT00391443,6
NCT03832946,NCT01335477,6
NCT03832946,NCT01170065,6
NCT03832946,NCT05785624,6
NCT03832946,NCT02579603,6
NCT03832946,NCT00768300,6
NCT01272037,NCT00388726,8
NCT01272037,NCT05774951,8
NCT01272037,NCT02992782,6
NCT01272037,NCT00777101,6
NCT01272037,NCT01437566,6
NCT01272037,NCT06112379,6
NCT01272037,NCT02132949,6
NCT01272037,NCT03036488,6
NCT01272037,NCT02954874,6
NCT01272037,NCT01077154,6
NCT01272037,NCT01303419,6
NCT01272037,NCT04228991,6
NCT01272037,NCT06247449,6
NCT01272037,NCT02861703,6
NCT01272037,NCT00003736,6
NCT01272037,NCT00005957,6
NCT01272037,NCT03277898,6
NCT01272037,NCT02876848,6
NCT01272037,NCT00909441,6
NCT01272037,NCT03407768,6
NCT01272037,NCT02308020,6
NCT01272037,NCT05217966,6
NCT01272037,NCT06447532,6
NCT01272037,NCT03726879,6
NCT01272037,NCT03781063,6
NCT01272037,NCT03493854,6
NCT01272037,NCT06386263,6
NCT01272037,NCT01047774,6
NCT01272037,NCT04671511,6
NCT01272037,NCT00333775,6
NCT01883297,NCT03393884,6
NCT01883297,NCT00791778,6
NCT01883297,NCT05092360,6
NCT01883297,NCT02272790,6
NCT01883297,NCT01083537,6
NCT01883297,NCT02606305,6
NCT01883297,NCT02354586,6
NCT01883297,NCT01891344,6
NCT01883297,NCT02446600,6
NCT01883297,NCT02502266,6
NCT01883297,NCT03776812,6
NCT01883297,NCT02983799,6
NCT01883297,NCT02631876,6
NCT01883297,NCT02855944,6
NCT04675294,NCT01345669,6
NCT04675294,NCT03358472,6
NCT04675294,NCT06129864,6
NCT04675294,NCT05061420,6
NCT04675294,NCT04428333,6
NCT04675294,NCT03040999,6
NCT04675294,NCT01602315,6
NCT04675294,NCT04534205,6
NCT04675294,NCT06054477,6
NCT04675294,NCT04199104,6
NCT04675294,NCT04489888,6
NCT04675294,NCT04428151,6
NCT04675294,NCT01852292,6
NCT04675294,NCT05909904,6
NCT04675294,NCT01484847,6
NCT04675294,NCT04128696,6
NCT04675294,NCT04606940,6
NCT04675294,NCT04599309,6
NCT04675294,NCT04338399,6
NCT03263091,NCT05664737,8
NCT03263091,NCT05648942,6
NCT03263091,NCT01587924,6
NCT03263091,NCT00559273,6
NCT03263091,NCT03578419,6
NCT03263091,NCT00782912,6
NCT03263091,NCT04455841,6
NCT03263091,NCT00413114,6
NCT03263091,NCT05682326,6
NCT03263091,NCT05949684,6
NCT03263091,NCT05568225,6
NCT03263091,NCT03682536,6
NCT03263091,NCT01977482,6
NCT03263091,NCT02879305,6
NCT03263091,NCT02892149,6
NCT03263091,NCT03409107,6
NCT03263091,NCT06220461,6
NCT03263091,NCT00213291,6
NCT03263091,NCT02876835,6
NCT03263091,NCT02694978,6
NCT03263091,NCT00077766,6
NCT03263091,NCT02174731,6
NCT03263091,NCT03029208,6
NCT03263091,NCT02174627,6
NCT03263091,NCT02680574,6
NCT03263091,NCT00318812,6
NCT03263091,NCT03400033,6
NCT03263091,NCT01587898,6
NCT03263091,NCT06303531,6
NCT03263091,NCT03528564,6
NCT04320056,NCT01799993,6
NCT04320056,NCT01997047,6
NCT04320056,NCT02462590,6
NCT04320056,NCT01168713,6
NCT04320056,NCT01782755,6
NCT04320056,NCT00797108,6
NCT04320056,NCT01756339,6
NCT04320056,NCT04331665,6
NCT04320056,NCT03031210,6
NCT04320056,NCT04374591,6
NCT04320056,NCT00640926,6
NCT04320056,NCT01498601,6
NCT04320056,NCT03032380,6
NCT04320056,NCT04320615,6
NCT04320056,NCT01968733,6
NCT04320056,NCT03265756,6
NCT04320056,NCT05761613,6
NCT04320056,NCT00867841,6
NCT05526521,NCT06042478,8
NCT05526521,NCT06077773,6
NCT05526521,NCT02477332,6
NCT05526521,NCT02649218,6
NCT05526521,NCT03137069,6
NCT05526521,NCT05032157,6
NCT05526521,NCT05513001,6
NCT05526521,NCT04180488,6
NCT05526521,NCT03926611,6
NCT05526521,NCT05677451,6
NCT05526521,NCT06050928,6
NCT05526521,NCT05795153,6
NCT05526521,NCT04681729,6
NCT05526521,NCT03580369,6
NCT05526521,NCT00214851,6
NCT05526521,NCT05107115,6
NCT05526521,NCT04210843,6
NCT05526521,NCT05976243,6
NCT05526521,NCT03437278,6
NCT06042478,NCT05526521,8
NCT06042478,NCT06077773,6
NCT06042478,NCT02477332,6
NCT06042478,NCT02649218,6
NCT06042478,NCT03137069,6
NCT06042478,NCT05032157,6
NCT06042478,NCT05513001,6
NCT06042478,NCT04180488,6
NCT06042478,NCT03926611,6
NCT06042478,NCT05677451,6
NCT06042478,NCT06050928,6
NCT06042478,NCT05795153,6
NCT06042478,NCT04681729,6
NCT06042478,NCT03580369,6
NCT06042478,NCT00214851,6
NCT06042478,NCT05107115,6
NCT06042478,NCT04210843,6
NCT06042478,NCT05976243,6
NCT06042478,NCT03437278,6
NCT05769777,NCT05935085,6
NCT05769777,NCT04447417,6
NCT05769777,NCT02340234,6
NCT05769777,NCT02211417,6
NCT05769777,NCT04791319,6
NCT05769777,NCT03540043,6
NCT05769777,NCT03531957,6
NCT05769777,NCT06101823,6
NCT05769777,NCT05694884,6
NCT05769777,NCT03568318,6
NCT05769777,NCT03363854,6
NCT05769777,NCT03654755,6
NCT05769777,NCT05014568,6
NCT05769777,NCT04800315,6
NCT05769777,NCT03725722,6
NCT05769777,NCT03687359,6
NCT05769777,NCT05032859,6
NCT05769777,NCT03304470,6
NCT05769777,NCT03055195,6
NCT05769777,NCT02908698,6
NCT05769777,NCT01701466,6
NCT05769777,NCT06447506,6
NCT05769777,NCT02925117,6
NCT05769777,NCT03680131,6
NCT05769777,NCT06238817,6
NCT05769777,NCT03738397,6
NCT05769777,NCT03160885,6
NCT05769777,NCT04040192,6
NCT05769777,NCT03826901,6
NCT05769777,NCT05014438,6
NCT04855656,NCT04752215,8
NCT04855656,NCT02663518,8
NCT04855656,NCT05797168,8
NCT04855656,NCT04185883,8
NCT04855656,NCT05396833,8
NCT04855656,NCT05067283,8
NCT04855656,NCT03991832,6
NCT04855656,NCT01158274,6
NCT04855656,NCT04521621,6
NCT04855656,NCT02350673,6
NCT04855656,NCT04482309,6
NCT04855656,NCT05277051,6
NCT04855656,NCT01928394,6
NCT04855656,NCT02799095,6
NCT04855656,NCT05594043,6
NCT04855656,NCT02341625,6
NCT04855656,NCT00138216,6
NCT04855656,NCT04943900,6
NCT04855656,NCT00357747,6
NCT04855656,NCT03799003,6
NCT04855656,NCT03661632,6
NCT04855656,NCT03805841,6
NCT04855656,NCT04919811,6
NCT04855656,NCT01548482,6
NCT04855656,NCT02830451,6
NCT04855656,NCT00387920,6
NCT04855656,NCT02937272,6
NCT04855656,NCT02556463,6
NCT04855656,NCT03770494,6
NCT04855656,NCT00625456,6
NCT05938270,NCT06120491,8
NCT05938270,NCT00686036,6
NCT05938270,NCT01878773,6
NCT05938270,NCT01512472,6
NCT05938270,NCT00188708,6
NCT05938270,NCT03424694,6
NCT05938270,NCT01733836,6
NCT05938270,NCT05851547,6
NCT05938270,NCT00106691,6
NCT05938270,NCT06235697,6
NCT05938270,NCT02975934,6
NCT05938270,NCT01547299,6
NCT05938270,NCT03938766,6
NCT05938270,NCT03459820,6
NCT05938270,NCT04281147,6
NCT05938270,NCT02077335,6
NCT05938270,NCT02960022,6
NCT05938270,NCT03385655,6
NCT05938270,NCT00295802,6
NCT05938270,NCT02229734,6
NCT05938270,NCT00043069,6
NCT05938270,NCT01993160,6
NCT05938270,NCT00910754,6
NCT05938270,NCT00946920,6
NCT05938270,NCT02968784,6
NCT05938270,NCT02095249,6
NCT05938270,NCT00632905,6
NCT05938270,NCT03160794,6
NCT05938270,NCT02108613,6
NCT05938270,NCT02981368,6
NCT00168792,NCT00623623,6
NCT00168792,NCT01226563,6
NCT00168792,NCT03508232,6
NCT00168792,NCT04957719,6
NCT00168792,NCT00046228,6
NCT00168792,NCT06118281,6
NCT00168792,NCT02924727,6
NCT00168792,NCT02108262,6
NCT00168792,NCT04509674,6
NCT00168792,NCT00877903,6
NCT00168792,NCT05290389,6
NCT00168792,NCT00440895,6
NCT00168792,NCT01176968,6
NCT00168792,NCT06139328,6
NCT00168792,NCT00936819,6
NCT05029583,NCT05583344,8
NCT05029583,NCT01609582,6
NCT05029583,NCT05527574,6
NCT05029583,NCT03682250,6
NCT05029583,NCT02214719,6
NCT05029583,NCT02774876,6
NCT05029583,NCT03130426,6
NCT05029583,NCT01589757,6
NCT05029583,NCT03071692,6
NCT05029583,NCT02462785,6
NCT05029583,NCT01103284,6
NCT05029583,NCT01589835,6
NCT05029583,NCT02292511,6
NCT05029583,NCT03506776,6
NCT05029583,NCT01834144,6
NCT05029583,NCT00309244,6
NCT05029583,NCT01507116,6
NCT05029583,NCT01186952,6
NCT05029583,NCT03234101,6
NCT05029583,NCT01597154,6
NCT05029583,NCT02909829,6
NCT05029583,NCT05197114,6
NCT05029583,NCT01980017,6
NCT05029583,NCT01578460,6
NCT05029583,NCT00000620,6
NCT05029583,NCT02843724,6
NCT05029583,NCT01351857,6
NCT05029583,NCT02808182,6
NCT05029583,NCT00522210,6
NCT05029583,NCT04226378,6
NCT05227287,NCT05680818,6
NCT04619420,NCT04994483,6
NCT04619420,NCT02294513,6
NCT04619420,NCT05026177,6
NCT04619420,NCT00710684,6
NCT04619420,NCT03444870,6
NCT04619420,NCT04437511,6
NCT04619420,NCT06335173,6
NCT04619420,NCT00151502,6
NCT04619420,NCT04520412,6
NCT04619420,NCT03367403,6
NCT04619420,NCT03186989,6
NCT04619420,NCT01723826,6
NCT04619420,NCT01549834,6
NCT04619420,NCT01735630,6
NCT04619420,NCT03506672,6
NCT04619420,NCT01766336,6
NCT04619420,NCT02167256,6
NCT04619420,NCT01847586,6
NCT04619420,NCT02880956,6
NCT04619420,NCT00594568,6
NCT04619420,NCT02986932,6
NCT04619420,NCT02245737,6
NCT04619420,NCT01608061,6
NCT04619420,NCT04388254,6
NCT04619420,NCT01428453,6
NCT04619420,NCT01524887,6
NCT04619420,NCT00663936,6
NCT04619420,NCT03887455,6
NCT04619420,NCT04639050,6
NCT04619420,NCT01689246,6
NCT02663518,NCT04855656,8
NCT02663518,NCT05067283,8
NCT02663518,NCT04752215,8
NCT02663518,NCT04185883,8
NCT02663518,NCT05797168,8
NCT02663518,NCT05396833,8
NCT02663518,NCT02350673,6
NCT02663518,NCT06055075,6
NCT02663518,NCT02341625,6
NCT02663518,NCT02830451,6
NCT02663518,NCT00357747,6
NCT02663518,NCT04943900,6
NCT02663518,NCT00138216,6
NCT02663518,NCT00275080,6
NCT02663518,NCT04659629,6
NCT02663518,NCT02937272,6
NCT02663518,NCT02799095,6
NCT02663518,NCT03991832,6
NCT02663518,NCT01158274,6
NCT02663518,NCT04502446,6
NCT02663518,NCT06419634,6
NCT02663518,NCT04919811,6
NCT02663518,NCT04521621,6
NCT02663518,NCT01780662,6
NCT02663518,NCT01538095,6
NCT02663518,NCT00983619,6
NCT02663518,NCT00625456,6
NCT02663518,NCT01462175,6
NCT02663518,NCT05594043,6
NCT02663518,NCT00049582,6
NCT04157348,NCT00315380,8
NCT04157348,NCT02020889,6
NCT04157348,NCT03712345,6
NCT04157348,NCT01750697,6
NCT04157348,NCT05263934,6
NCT04157348,NCT03298061,6
NCT04157348,NCT02108860,6
NCT04157348,NCT00315393,6
NCT04157348,NCT03712345,6
NCT04157348,NCT02108860,6
NCT04157348,NCT05263934,6
NCT04157348,NCT03298061,6
NCT04157348,NCT02020889,6
NCT04157348,NCT00315393,6
NCT04157348,NCT01750697,6
NCT04157348,NCT00315380,6
NCT05945719,NCT05938101,8
NCT05945719,NCT03327753,8
NCT05945719,NCT04283409,8
NCT05945719,NCT05277038,6
NCT05945719,NCT05913817,6
NCT05945719,NCT06072235,6
NCT05945719,NCT00003232,6
NCT05945719,NCT01117870,6
NCT05945719,NCT02357459,6
NCT05945719,NCT02794103,6
NCT05945719,NCT03201874,6
NCT05945719,NCT02697812,6
NCT05945719,NCT01561547,6
NCT05945719,NCT03949179,6
NCT05945719,NCT05986370,6
NCT05945719,NCT03888235,6
NCT05945719,NCT04893369,6
NCT05945719,NCT05294432,6
NCT05945719,NCT05894772,6
NCT05945719,NCT04842097,6
NCT05945719,NCT00139776,6
NCT05945719,NCT05018104,6
NCT05945719,NCT05713656,6
NCT05945719,NCT02764346,6
NCT05945719,NCT06204003,6
NCT05945719,NCT05161832,6
NCT05945719,NCT03672500,6
NCT05945719,NCT03094195,6
NCT05945719,NCT05217563,6
NCT05945719,NCT02116972,6
NCT05636176,NCT03037931,8
NCT05636176,NCT02347722,6
NCT05636176,NCT03532009,6
NCT05636176,NCT01281384,6
NCT05636176,NCT03499236,6
NCT05636176,NCT03016325,6
NCT05636176,NCT05724433,6
NCT05636176,NCT03152552,6
NCT05636176,NCT00368641,6
NCT05636176,NCT03541616,6
NCT05636176,NCT02661451,6
NCT05636176,NCT05737940,6
NCT05636176,NCT02116140,6
NCT05636176,NCT00267098,6
NCT05636176,NCT00232180,6
NCT05636176,NCT01864369,6
NCT05636176,NCT04986202,6
NCT05636176,NCT03088033,6
NCT05636176,NCT02717507,6
NCT05636176,NCT02456428,6
NCT05636176,NCT03547583,6
NCT05636176,NCT05560737,6
NCT05636176,NCT00959075,6
NCT05636176,NCT00358215,6
NCT05636176,NCT01685840,6
NCT05636176,NCT06217120,6
NCT05636176,NCT04245605,6
NCT05636176,NCT03103932,6
NCT05636176,NCT03066804,6
NCT05636176,NCT04066907,6
NCT04830124,NCT01584648,6
NCT04830124,NCT00297895,6
NCT04830124,NCT02251314,6
NCT04830124,NCT00612664,6
NCT04830124,NCT01667419,6
NCT04830124,NCT02159066,6
NCT04830124,NCT02967692,6
NCT04830124,NCT01820364,6
NCT04830124,NCT00111007,6
NCT04830124,NCT01009775,6
NCT04830124,NCT03484923,6
NCT04830124,NCT01715077,6
NCT04830124,NCT01274338,6
NCT04830124,NCT01689519,6
NCT04830124,NCT02142218,6
NCT04830124,NCT05303493,6
NCT04830124,NCT04951583,6
NCT04830124,NCT01227889,6
NCT04830124,NCT05419388,6
NCT04830124,NCT05933577,6
NCT04830124,NCT03875079,6
NCT04830124,NCT01266967,6
NCT04830124,NCT02989064,6
NCT04830124,NCT00324155,6
NCT04830124,NCT00395070,6
NCT04830124,NCT04068181,6
NCT04830124,NCT01909453,6
NCT04830124,NCT02740920,6
NCT04830124,NCT03980314,6
NCT04830124,NCT03860883,6
NCT05664737,NCT03263091,8
NCT05664737,NCT03528564,6
NCT05664737,NCT05648942,6
NCT05664737,NCT02892149,6
NCT05664737,NCT00559273,6
NCT05664737,NCT03578419,6
NCT05664737,NCT00782912,6
NCT05664737,NCT04455841,6
NCT05664737,NCT00413114,6
NCT05664737,NCT05682326,6
NCT05664737,NCT05949684,6
NCT05664737,NCT05568225,6
NCT05664737,NCT03682536,6
NCT05664737,NCT01977482,6
NCT05664737,NCT02879305,6
NCT05664737,NCT01587924,6
NCT05664737,NCT03409107,6
NCT05664737,NCT06220461,6
NCT05664737,NCT00213291,6
NCT05664737,NCT02876835,6
NCT05664737,NCT02694978,6
NCT05664737,NCT00077766,6
NCT05664737,NCT02174731,6
NCT05664737,NCT03029208,6
NCT05664737,NCT02174627,6
NCT05664737,NCT02680574,6
NCT05664737,NCT00318812,6
NCT05664737,NCT03400033,6
NCT05664737,NCT01587898,6
NCT05664737,NCT06303531,6
NCT04671433,NCT04794101,8
NCT04671433,NCT03584165,6
NCT04671433,NCT04926129,6
NCT05731544,NCT00419666,6
NCT05731544,NCT03305809,6
NCT05731544,NCT02900664,6
NCT05731544,NCT03272815,6
NCT05731544,NCT04034628,6
NCT05731544,NCT02553889,6
NCT05731544,NCT04569435,6
NCT05731544,NCT03663335,6
NCT05731544,NCT00449865,6
NCT05731544,NCT01292655,6
NCT05731544,NCT02214121,6
NCT05731544,NCT05001737,6
NCT05731544,NCT03976375,6
NCT05731544,NCT01242904,6
NCT05731544,NCT02900027,6
NCT05731544,NCT06003608,6
NCT05731544,NCT00488839,6
NCT05731544,NCT02916745,6
NCT05731544,NCT06090292,6
NCT05731544,NCT05609968,6
NCT05731544,NCT05298787,6
NCT05396833,NCT04855656,8
NCT05396833,NCT04752215,8
NCT05396833,NCT02663518,8
NCT05396833,NCT05067283,8
NCT05396833,NCT05797168,8
NCT05396833,NCT04185883,8
NCT05396833,NCT03991832,6
NCT05396833,NCT01158274,6
NCT05396833,NCT04521621,6
NCT05396833,NCT02350673,6
NCT05396833,NCT04482309,6
NCT05396833,NCT05277051,6
NCT05396833,NCT01928394,6
NCT05396833,NCT02799095,6
NCT05396833,NCT05594043,6
NCT05396833,NCT02341625,6
NCT05396833,NCT00138216,6
NCT05396833,NCT04943900,6
NCT05396833,NCT00357747,6
NCT05396833,NCT03799003,6
NCT05396833,NCT03661632,6
NCT05396833,NCT03805841,6
NCT05396833,NCT04919811,6
NCT05396833,NCT01548482,6
NCT05396833,NCT02830451,6
NCT05396833,NCT00387920,6
NCT05396833,NCT02937272,6
NCT05396833,NCT02556463,6
NCT05396833,NCT03770494,6
NCT05396833,NCT00625456,6
NCT04789616,NCT03712033,8
NCT04789616,NCT02951338,6
NCT04789616,NCT05421533,6
NCT04789616,NCT01189058,6
NCT04789616,NCT03006731,6
NCT04789616,NCT02898610,6
NCT04789616,NCT05447728,6
NCT04789616,NCT02258880,6
NCT04789616,NCT01733160,6
NCT04789616,NCT03570216,6
NCT04789616,NCT06386510,6
NCT04789616,NCT03191422,6
NCT04789616,NCT00262600,6
NCT04789616,NCT02494362,6
NCT04789616,NCT02597569,6
NCT04789616,NCT04044807,6
NCT04789616,NCT03126214,6
NCT04789616,NCT04029233,6
NCT04789616,NCT01769703,6
NCT04789616,NCT05791617,6
NCT04789616,NCT02387229,6
NCT04789616,NCT02405351,6
NCT04789616,NCT04484350,6
NCT04789616,NCT04309474,6
NCT04789616,NCT05016193,6
NCT04789616,NCT00084292,6
NCT04789616,NCT02285933,6
NCT04789616,NCT02316405,6
NCT04789616,NCT04142125,6
NCT04789616,NCT03494530,6
NCT01588496,NCT02624869,6
NCT01588496,NCT05682378,6
NCT01588496,NCT02023879,6
NCT01588496,NCT01475825,6
NCT01588496,NCT01007344,6
NCT01588496,NCT01112423,6
NCT01588496,NCT02472535,6
NCT01588496,NCT02722408,6
NCT01588496,NCT04659863,6
NCT01588496,NCT02476006,6
NCT01588496,NCT01644188,6
NCT01588496,NCT05217667,6
NCT01588496,NCT02434497,6
NCT01588496,NCT01651273,6
NCT01588496,NCT00607373,6
NCT01588496,NCT01763866,6
NCT01588496,NCT01571869,6
NCT01588496,NCT00908011,6
NCT01588496,NCT02226198,6
NCT01588496,NCT01879319,6
NCT01588496,NCT05174663,6
NCT01588496,NCT01412034,6
NCT01588496,NCT05611528,6
NCT01588496,NCT03175367,6
NCT01588496,NCT00730236,6
NCT01588496,NCT03455777,6
NCT01588496,NCT02651675,6
NCT01588496,NCT01849497,6
NCT01588496,NCT02009345,6
NCT01588496,NCT00794664,6
NCT06130566,NCT03745651,6
NCT06130566,NCT06311682,6
NCT06130566,NCT05651711,6
NCT06130566,NCT06144424,6
NCT06130566,NCT05439941,6
NCT06130566,NCT06395948,6
NCT06130566,NCT06224192,6
NCT06130566,NCT03517566,6
NCT06130566,NCT04804605,6
NCT06130566,NCT03428646,6
NCT06130566,NCT02612454,6
NCT06130566,NCT03100344,6
NCT06130566,NCT02926807,6
NCT06130566,NCT03703102,6
NCT06130566,NCT04392154,6
NCT06130566,NCT05899816,6
NCT06130566,NCT05398445,6
NCT06130566,NCT05601882,6
NCT06130566,NCT03139981,6
NCT06130566,NCT03054428,6
NCT06130566,NCT02950922,6
NCT06130566,NCT04773587,6
NCT06130566,NCT05844618,6
NCT06130566,NCT05602207,6
NCT06130566,NCT04845620,6
NCT06130566,NCT04537468,6
NCT06130566,NCT02407756,6
NCT06130566,NCT02466152,6
NCT06130566,NCT04018027,6
NCT06130566,NCT00666302,6
NCT03836261,NCT05465876,6
NCT03836261,NCT01290549,6
NCT03836261,NCT01133743,6
NCT03836261,NCT00438178,6
NCT03836261,NCT00801060,6
NCT03836261,NCT01627054,6
NCT03836261,NCT05963074,6
NCT03836261,NCT00963105,6
NCT03836261,NCT00513747,6
NCT03836261,NCT02970318,6
NCT03836261,NCT02500407,6
NCT03836261,NCT02912754,6
NCT03836261,NCT01889186,6
NCT03836261,NCT00751296,6
NCT03836261,NCT00003764,6
NCT03836261,NCT02340780,6
NCT03836261,NCT02005471,6
NCT03836261,NCT03310190,6
NCT03836261,NCT00602459,6
NCT03836261,NCT00041288,6
NCT03836261,NCT00419250,6
NCT03836261,NCT00045513,6
NCT03836261,NCT01638533,6
NCT03836261,NCT01659021,6
NCT03836261,NCT02264574,6
NCT03836261,NCT00431873,6
NCT03836261,NCT04008706,6
NCT03836261,NCT01500083,6
NCT03836261,NCT01905943,6
NCT03836261,NCT00391066,6
NCT04371666,NCT02760277,6
NCT04371666,NCT02196467,6
NCT04371666,NCT03703882,6
NCT04371666,NCT02500381,6
NCT04371666,NCT03439670,6
NCT04371666,NCT03508947,6
NCT04371666,NCT01254019,6
NCT04371666,NCT02760264,6
NCT04371666,NCT03038399,6
NCT04371666,NCT06079736,6
NCT04371666,NCT02851797,6
NCT04371666,NCT03373968,6
NCT04371666,NCT03863119,6
NCT04371666,NCT03167255,6
NCT04371666,NCT03167255,6
NCT04371666,NCT04687020,6
NCT04371666,NCT03532542,6
NCT04371666,NCT04060199,6
NCT04371666,NCT03179631,6
NCT04371666,NCT02740972,6
NCT04371666,NCT02760277,6
NCT04371666,NCT03907072,6
NCT04371666,NCT01603407,6
NCT04371666,NCT04632940,6
NCT04371666,NCT04768062,6
NCT04371666,NCT01099761,6
NCT04371666,NCT04004065,6
NCT04371666,NCT03039686,6
NCT04371666,NCT02196467,6
NCT04371666,NCT05933057,6
NCT03403205,NCT04909346,6
NCT03403205,NCT04884815,6
NCT03403205,NCT04422431,6
NCT02268253,NCT05600894,8
NCT02268253,NCT03306264,6
NCT02268253,NCT02367456,6
NCT02268253,NCT03268954,6
NCT02268253,NCT01522976,6
NCT02268253,NCT02907359,6
NCT02268253,NCT00946647,6
NCT02268253,NCT00451048,6
NCT02268253,NCT04256317,6
NCT02268253,NCT02610777,6
NCT02268253,NCT01437787,6
NCT02268253,NCT04097821,6
NCT02268253,NCT02124746,6
NCT02268253,NCT04217356,6
NCT02268253,NCT04173494,6
NCT02268253,NCT05444972,6
NCT02268253,NCT00572897,6
NCT02268253,NCT04279847,6
NCT02268253,NCT04562389,6
NCT02268253,NCT02370706,6
NCT02268253,NCT04472598,6
NCT02268253,NCT02158858,6
NCT02268253,NCT01790295,6
NCT02268253,NCT00360035,6
NCT02268253,NCT03165734,6
NCT02268253,NCT01633372,6
NCT02268253,NCT02593760,6
NCT02268253,NCT04717414,6
NCT02268253,NCT02055781,6
NCT02268253,NCT01523171,6
NCT03391466,NCT01897571,6
NCT03391466,NCT01238692,6
NCT03391466,NCT04697160,6
NCT03391466,NCT02227251,6
NCT03391466,NCT01889186,6
NCT03391466,NCT04628494,6
NCT03391466,NCT04416984,6
NCT03391466,NCT03630159,6
NCT03391466,NCT02689284,6
NCT03391466,NCT02857426,6
NCT03391466,NCT02598661,6
NCT03391466,NCT04920617,6
NCT03391466,NCT00992173,6
NCT03391466,NCT02756611,6
NCT03391466,NCT01665794,6
NCT03391466,NCT02426086,6
NCT03391466,NCT04680052,6
NCT03391466,NCT01826214,6
NCT03391466,NCT04182204,6
NCT03391466,NCT02927769,6
NCT03391466,NCT00374296,6
NCT03391466,NCT02005471,6
NCT03391466,NCT02654990,6
NCT03391466,NCT01672736,6
NCT05844644,NCT03035149,6
NCT05844644,NCT02893943,6
NCT05844644,NCT02217579,6
NCT05844644,NCT02917668,6
NCT05844644,NCT02216552,6
NCT05844644,NCT04931017,6
NCT05844644,NCT00239538,6
NCT05844644,NCT02396524,6
NCT05844644,NCT03523403,6
NCT05844644,NCT00644098,6
NCT05844644,NCT00428571,6
NCT05844644,NCT01680913,6
NCT05844644,NCT05844631,6
NCT05844644,NCT02019264,6
NCT05844644,NCT02027077,6
NCT05844644,NCT03434665,6
NCT05844644,NCT05740670,6
NCT05844644,NCT01921582,6
NCT05844644,NCT01109199,6
NCT05844644,NCT05873660,6
NCT05844644,NCT03464500,6
NCT05844644,NCT06289504,6
NCT05844644,NCT02893943,6
NCT05844644,NCT02216552,6
NCT05844644,NCT03643341,6
NCT05844644,NCT01272219,6
NCT05844644,NCT01186952,6
NCT05844644,NCT03523403,6
NCT05844644,NCT00228176,6
NCT05844644,NCT01387126,6
NCT00388726,NCT01272037,8
NCT00388726,NCT05774951,8
NCT00388726,NCT02992782,6
NCT00388726,NCT00777101,6
NCT00388726,NCT01437566,6
NCT00388726,NCT06112379,6
NCT00388726,NCT02132949,6
NCT00388726,NCT03036488,6
NCT00388726,NCT02954874,6
NCT00388726,NCT01077154,6
NCT00388726,NCT01303419,6
NCT00388726,NCT04228991,6
NCT00388726,NCT06247449,6
NCT00388726,NCT02861703,6
NCT00388726,NCT00003736,6
NCT00388726,NCT00005957,6
NCT00388726,NCT03277898,6
NCT00388726,NCT02876848,6
NCT00388726,NCT00909441,6
NCT00388726,NCT03407768,6
NCT00388726,NCT02308020,6
NCT00388726,NCT05217966,6
NCT00388726,NCT06447532,6
NCT00388726,NCT03726879,6
NCT00388726,NCT03781063,6
NCT00388726,NCT03493854,6
NCT00388726,NCT06386263,6
NCT00388726,NCT01047774,6
NCT00388726,NCT04671511,6
NCT00388726,NCT00333775,6
NCT05004051,NCT01225094,6
NCT05004051,NCT04150653,6
NCT02559817,NCT02137213,6
NCT02559817,NCT00858754,6
NCT02559817,NCT04026113,6
NCT02559817,NCT01965652,6
NCT02559817,NCT03148002,6
NCT02559817,NCT00672477,6
NCT02559817,NCT01880424,6
NCT02559817,NCT04166058,6
NCT02559817,NCT02423564,6
NCT02559817,NCT01189409,6
NCT02559817,NCT00804141,6
NCT02559817,NCT00765999,6
NCT02559817,NCT02559570,6
NCT02559817,NCT00672139,6
NCT02559817,NCT01928953,6
NCT02559817,NCT03179475,6
NCT02559817,NCT06444139,6
NCT05295433,NCT04899310,6
NCT04185883,NCT04752215,8
NCT04185883,NCT02663518,8
NCT04185883,NCT05797168,8
NCT04185883,NCT05067283,8
NCT04185883,NCT05396833,8
NCT04185883,NCT04855656,8
NCT04185883,NCT03991832,6
NCT04185883,NCT01158274,6
NCT04185883,NCT04521621,6
NCT04185883,NCT02350673,6
NCT04185883,NCT04482309,6
NCT04185883,NCT05277051,6
NCT04185883,NCT01928394,6
NCT04185883,NCT02799095,6
NCT04185883,NCT05594043,6
NCT04185883,NCT02341625,6
NCT04185883,NCT00138216,6
NCT04185883,NCT04943900,6
NCT04185883,NCT00357747,6
NCT04185883,NCT03799003,6
NCT04185883,NCT03661632,6
NCT04185883,NCT03805841,6
NCT04185883,NCT04919811,6
NCT04185883,NCT01548482,6
NCT04185883,NCT02830451,6
NCT04185883,NCT00387920,6
NCT04185883,NCT02937272,6
NCT04185883,NCT02556463,6
NCT04185883,NCT03770494,6
NCT04185883,NCT00625456,6
NCT05421325,NCT01586962,6
NCT05421325,NCT02563106,6
NCT05421325,NCT01576809,6
NCT05421325,NCT01787227,6
NCT04774159,NCT03394183,6
NCT04774159,NCT01732822,6
NCT04774159,NCT01382056,6
NCT03660826,NCT04159155,8
NCT03660826,NCT03367741,6
NCT03660826,NCT03016338,6
NCT03660826,NCT01935934,6
NCT03660826,NCT02724501,6
NCT03660826,NCT05201547,6
NCT03660826,NCT06132958,6
NCT03660826,NCT05255653,6
NCT03660826,NCT02725268,6
NCT03660826,NCT01767155,6
NCT03660826,NCT05634499,6
NCT03660826,NCT01886066,6
NCT03660826,NCT01005329,6
NCT03660826,NCT04269200,6
NCT03660826,NCT00770185,6
NCT03660826,NCT02042495,6
NCT03660826,NCT04634877,6
NCT03660826,NCT04290299,6
NCT03660826,NCT03555422,6
NCT03660826,NCT03517449,6
NCT03660826,NCT02564276,6
NCT03660826,NCT06038032,6
NCT03660826,NCT00072176,6
NCT03660826,NCT03914612,6
NCT03660826,NCT00003946,6
NCT03660826,NCT04362046,6
NCT03660826,NCT01467219,6
NCT03660826,NCT05797831,6
NCT03660826,NCT00016341,6
NCT03660826,NCT00883116,6
NCT04794101,NCT04671433,8
NCT04794101,NCT03584165,6
NCT04794101,NCT04926129,6
