pm_ref,pm_rel,weight,weight_cosine
NCT04713592,NCT00244842,6,0.53066283
NCT04713592,NCT03764475,6,0.4767544
NCT04713592,NCT05357755,6,0.52597183
NCT04713592,NCT03721172,6,0.52644503
NCT04713592,NCT01101100,6,0.48902822
NCT04713592,NCT01815723,6,0.46751013
NCT04713592,NCT01646177,6,0.42332977
NCT04713592,NCT00673556,6,0.5604905
NCT04713592,NCT01640951,6,0.5263097
NCT04713592,NCT01163253,6,0.50558674
NCT04713592,NCT03766685,6,0.63065064
NCT04713592,NCT05004727,6,0.41643834
NCT04713592,NCT02274792,6,0.5008484
NCT04713592,NCT02899988,6,0.4744734
NCT04713592,NCT00879944,6,0.3306908
NCT04713592,NCT00419666,6,0.38753012
NCT04713592,NCT00833729,6,0.47043377
NCT04713592,NCT04175613,6,0.4934032
NCT04713592,NCT05364554,6,0.5047089
NCT04713592,NCT01831466,6,0.540811
NCT04713592,NCT02435342,6,0.43113193
NCT04713592,NCT04862286,6,0.6384883
NCT04713592,NCT06088043,6,0.50965554
NCT04713592,NCT02074982,6,0.55021846
NCT04713592,NCT03635099,6,0.39248043
NCT04713592,NCT04746911,6,0.4161141
NCT04713592,NCT05600036,6,0.5220085
NCT04713592,NCT01406938,6,0.5787505
NCT04713592,NCT05268016,6,0.54911345
NCT04713592,NCT04435600,6,0.69024414
NCT05776810,NCT04972071,6,0.4056576
NCT05776810,NCT05560126,6,0.4136434
NCT05776810,NCT00118482,6,0.5703451
NCT05776810,NCT02786940,6,0.5444906
NCT05776810,NCT05657925,6,0.52199596
NCT05776810,NCT01456481,6,0.5231264
NCT05776810,NCT05633693,6,0.50934976
NCT05776810,NCT01423994,6,0.46804488
NCT05776810,NCT05555771,6,0.52318996
NCT05776810,NCT05755737,6,0.49924338
NCT05776810,NCT02324920,6,0.5109588
NCT05776810,NCT03974412,6,0.88902235
NCT05776810,NCT04790058,6,0.48214272
NCT05600894,NCT02268253,8,0.5196805
NCT05600894,NCT03306264,6,0.6754401
NCT05600894,NCT02367456,6,0.55728555
NCT05600894,NCT03268954,6,0.558003
NCT05600894,NCT01522976,6,0.6105754
NCT05600894,NCT02907359,6,0.55100036
NCT05600894,NCT00946647,6,0.59111637
NCT05600894,NCT00451048,6,0.400331
NCT05600894,NCT04256317,6,0.63792133
NCT05600894,NCT02610777,6,0.5437062
NCT05707949,NCT02614261,6,0.5575785
NCT05707949,NCT06047457,6,0.6290697
NCT05707949,NCT02621931,6,0.5702087
NCT05707949,NCT04464707,6,0.6479491
NCT05707949,NCT05518123,6,0.60058445
NCT05707949,NCT04759040,6,0.49107832
NCT05707949,NCT06047444,6,0.6273506
NCT05707949,NCT02502123,6,0.60995513
NCT05707949,NCT04649242,6,0.68387
NCT05707949,NCT03806595,6,0.625325
NCT05707949,NCT04458857,6,0.6509954
NCT05707949,NCT05217927,6,0.59358186
NCT05707949,NCT03504150,6,0.5102214
NCT05707949,NCT05164172,6,0.68218607
NCT05707949,NCT05711394,6,0.843268
NCT05707949,NCT05028569,6,0.6068432
NCT05707949,NCT03855137,6,0.83487564
NCT05707949,NCT03238781,6,0.5915174
NCT05707949,NCT02710942,6,0.5778664
NCT05707949,NCT03836040,6,0.69639105
NCT05707949,NCT02638103,6,0.59206784
NCT05707949,NCT02903680,6,0.5922653
NCT05707949,NCT00505570,6,0.4967174
NCT05707949,NCT05556564,6,0.45730108
NCT05707949,NCT02794441,6,0.57960796
NCT05707949,NCT02436499,6,0.5084615
NCT05707949,NCT02456740,6,0.5975696
NCT05707949,NCT03832998,6,0.6995868
NCT05707949,NCT06428838,6,0.46184024
NCT05707949,NCT04686136,6,0.8638166
NCT05544929,NCT04866394,6,0.4984221
NCT05544929,NCT01896713,6,0.46132421
NCT05544929,NCT01803542,6,0.41763514
NCT05544929,NCT00898755,6,0.38794214
NCT05544929,NCT03908684,6,0.3628817
NCT05544929,NCT01514864,6,0.5233876
NCT05544929,NCT05456685,6,0.61375463
NCT05544929,NCT02124772,6,0.5647793
NCT05544929,NCT04209855,6,0.52613163
NCT05544929,NCT00248404,6,0.5966238
NCT05544929,NCT03058289,6,0.5748259
NCT05544929,NCT04235114,6,0.500846
NCT05544929,NCT05241873,6,0.5254514
NCT05544929,NCT04891029,6,0.46223587
NCT05544929,NCT05214820,6,0.4509643
NCT05544929,NCT03475966,6,0.36180094
NCT05544929,NCT04065269,6,0.5238433
NCT05544929,NCT05671510,6,0.5025478
NCT05544929,NCT03156114,6,0.6713594
NCT05544929,NCT04151342,6,0.36762065
NCT05544929,NCT01505400,6,0.53844976
NCT05544929,NCT05920356,6,0.6151348
NCT05544929,NCT02034110,6,0.54701847
NCT05544929,NCT04262466,6,0.4978259
NCT05544929,NCT02732860,6,0.46354988
NCT05544929,NCT01264432,6,0.5296706
NCT05544929,NCT05041257,6,0.54945236
NCT05583344,NCT05029583,8,0.49791208
NCT05583344,NCT03008070,6,0.59826297
NCT05583344,NCT05327127,6,0.5718908
NCT05583344,NCT02466516,6,0.59085625
NCT05583344,NCT04065841,6,0.5251295
NCT05583344,NCT03449446,6,0.58235914
NCT05583344,NCT03053063,6,0.60375714
NCT05583344,NCT03421431,6,0.57331187
NCT05583344,NCT03205150,6,0.60665935
NCT05583344,NCT02855164,6,0.49273384
NCT05583344,NCT04048876,6,0.564286
NCT05583344,NCT04267393,6,0.6051769
NCT05583344,NCT04971785,6,0.5111562
NCT05583344,NCT02787304,6,0.6070293
NCT05583344,NCT01672879,6,0.60048944
NCT05583344,NCT03517540,6,0.491101
NCT05583344,NCT04399538,6,0.58771884
NCT05583344,NCT03900429,6,0.6167767
NCT05583344,NCT04771273,6,0.58361375
NCT05583344,NCT01056133,6,0.54517335
NCT05583344,NCT03053050,6,0.5626275
NCT05583344,NCT04849728,6,0.5081743
NCT05583344,NCT01672866,6,0.5807333
NCT05583344,NCT03166735,6,0.56533426
NCT05583344,NCT02854605,6,0.6245133
NCT05583344,NCT04378010,6,0.5676924
NCT05583344,NCT02704403,6,0.48492327
NCT06120491,NCT05938270,8,0.7189602
NCT06120491,NCT00686036,6,0.62933177
NCT06120491,NCT01878773,6,0.52248096
NCT06120491,NCT01512472,6,0.5505254
NCT06120491,NCT00188708,6,0.50505805
NCT06120491,NCT03424694,6,0.6003333
NCT06120491,NCT01733836,6,0.60250044
NCT06120491,NCT05851547,6,0.5613005
NCT06120491,NCT00106691,6,0.5822126
NCT06120491,NCT06235697,6,0.6332606
NCT06120491,NCT02975934,6,0.5385168
NCT06120491,NCT01547299,6,0.68003035
NCT06120491,NCT03938766,6,0.47754216
NCT06120491,NCT03459820,6,0.44268706
NCT06120491,NCT04281147,6,0.4655796
NCT06120491,NCT02077335,6,0.5984108
NCT06120491,NCT02960022,6,0.68179804
NCT06120491,NCT03385655,6,0.5721408
NCT06120491,NCT00295802,6,0.50668573
NCT06120491,NCT02229734,6,0.57947856
NCT06120491,NCT00043069,6,0.6169984
NCT06120491,NCT01993160,6,0.49038154
NCT06120491,NCT00910754,6,0.6041198
NCT06120491,NCT00946920,6,0.6210159
NCT06120491,NCT02968784,6,0.4503406
NCT06120491,NCT02095249,6,0.43618286
NCT06120491,NCT00632905,6,0.5412264
NCT06120491,NCT03160794,6,0.52946126
NCT06120491,NCT02108613,6,0.51261526
NCT06120491,NCT02981368,6,0.48386657
NCT05664009,NCT00679809,6,0.4400806
NCT05664009,NCT04267107,6,0.49855825
NCT05664009,NCT03049384,6,0.49659884
NCT05664009,NCT01662076,6,0.6260555
NCT05664009,NCT03825770,6,0.5970981
NCT05664009,NCT00253916,6,0.36560073
NCT05664009,NCT01740505,6,0.41308472
NCT05664009,NCT01232907,6,0.39365095
NCT05664009,NCT05997082,6,0.4208579
NCT05664009,NCT03362541,6,0.52677137
NCT05664009,NCT03516240,6,0.3344114
NCT05664009,NCT01667497,6,0.49680805
NCT05664009,NCT04737278,6,0.5842487
NCT05664009,NCT05430152,6,0.6288399
NCT05664009,NCT05409638,6,0.56146663
NCT05664009,NCT01983592,6,0.62491757
NCT05664009,NCT03484000,6,0.58445764
NCT05664009,NCT01669460,6,0.608469
NCT05664009,NCT02134782,6,0.5877484
NCT05664009,NCT00428675,6,0.49253398
NCT05664009,NCT00593853,6,0.61372656
NCT05664009,NCT01397656,6,0.5393662
NCT05664009,NCT02105389,6,0.50991493
NCT05664009,NCT02295839,6,0.5633295
NCT05664009,NCT01286233,6,0.5155273
NCT05664009,NCT00380757,6,0.5121907
NCT05664009,NCT01912261,6,0.6148403
NCT05664009,NCT01516554,6,0.6410554
NCT05664009,NCT00866970,6,0.5732715
NCT05664009,NCT00188331,6,0.5803239
NCT05014672,NCT04950127,6,0.5892105
NCT05014672,NCT03602560,6,0.5600877
NCT05014672,NCT04620733,6,0.54350305
NCT05014672,NCT03394924,6,0.57079726
NCT05014672,NCT03301506,6,0.5003801
NCT05014672,NCT05374200,6,0.66941977
NCT05014672,NCT02609048,6,0.6769501
NCT05014672,NCT02955602,6,0.60023516
NCT05014672,NCT05525520,6,0.5763537
NCT05014672,NCT04167358,6,0.5169437
NCT05014672,NCT03602560,6,0.5600877
NCT05014672,NCT02943447,6,0.6215195
NCT05014672,NCT03301506,6,0.5003801
NCT05014672,NCT04526665,6,0.5957149
NCT05014672,NCT04950127,6,0.58921057
NCT05014672,NCT02308111,6,0.6469593
NCT05014672,NCT02955602,6,0.60023504
NCT05014672,NCT03226067,6,0.5584495
NCT05014672,NCT05374200,6,0.6694197
NCT05014672,NCT02966834,6,0.5442034
NCT05014672,NCT03954327,6,0.47740093
NCT05014672,NCT03633227,6,0.6475809
NCT05014672,NCT04620733,6,0.5435029
NCT05014672,NCT03394924,6,0.57079715
NCT05014672,NCT02516605,6,0.59502906
NCT05014672,NCT04791527,6,0.5398103
NCT04283409,NCT03327753,8,0.95480156
NCT04283409,NCT05945719,8,0.42388278
NCT04283409,NCT05938101,8,0.37456822
NCT04283409,NCT05277038,6,0.34618852
NCT04283409,NCT05913817,6,0.4297064
NCT04283409,NCT06072235,6,0.35353494
NCT04283409,NCT00003232,6,0.5460892
NCT04283409,NCT01117870,6,0.6069451
NCT04283409,NCT02357459,6,0.52201027
NCT04283409,NCT02794103,6,0.47571054
NCT04283409,NCT03201874,6,0.4350311
NCT04283409,NCT02697812,6,0.5219946
NCT04283409,NCT01561547,6,0.33626753
NCT04283409,NCT03949179,6,0.70648503
NCT04283409,NCT05986370,6,0.5211298
NCT04283409,NCT03888235,6,0.6084256
NCT04283409,NCT04893369,6,0.7040358
NCT04283409,NCT05294432,6,0.5199408
NCT04283409,NCT05894772,6,0.48776934
NCT04283409,NCT04842097,6,0.52650464
NCT04283409,NCT00139776,6,0.57437694
NCT04283409,NCT05018104,6,0.6384861
NCT04283409,NCT05713656,6,0.5066073
NCT04283409,NCT02764346,6,0.47775254
NCT04283409,NCT06204003,6,0.39833236
NCT04283409,NCT05161832,6,0.5341058
NCT04283409,NCT03672500,6,0.42083842
NCT04283409,NCT03094195,6,0.5802217
NCT04283409,NCT05217563,6,0.5372401
NCT04283409,NCT02116972,6,0.5053242
NCT04752215,NCT04855656,8,0.62457377
NCT04752215,NCT05797168,8,0.47260803
NCT04752215,NCT05067283,8,0.59063566
NCT04752215,NCT04185883,8,0.5522199
NCT04752215,NCT05396833,8,0.59898114
NCT04752215,NCT02663518,8,0.63579655
NCT04752215,NCT02598960,6,0.683724
NCT04752215,NCT05936359,6,0.58603984
NCT04752215,NCT00652704,6,0.5341912
NCT04752215,NCT02776735,6,0.5069125
NCT04752215,NCT02223598,6,0.6460084
NCT04752215,NCT00514683,6,0.59337926
NCT04752215,NCT01933334,6,0.3983144
NCT04752215,NCT01606761,6,0.5652064
NCT04752215,NCT05823974,6,0.6105983
NCT04752215,NCT01329809,6,0.5758356
NCT04752215,NCT02292537,6,0.5684572
NCT04752215,NCT04771416,6,0.5946339
NCT04752215,NCT03393884,6,0.5043164
NCT04752215,NCT03358290,6,0.5507309
NCT04752215,NCT04294433,6,0.5687011
NCT04752215,NCT00360035,6,0.56646407
NCT04752215,NCT05531890,6,0.48232707
NCT04752215,NCT00952289,6,0.61626095
NCT04752215,NCT01492504,6,0.55666333
NCT04752215,NCT02193074,6,0.5810055
NCT04752215,NCT02668653,6,0.56651133
NCT04752215,NCT04931862,6,0.56470853
NCT04752215,NCT01746901,6,0.5165461
NCT04752215,NCT01944839,6,0.48989692
NCT05742802,NCT01949727,8,0.4761424
NCT05742802,NCT06208306,6,0.6687309
NCT05742802,NCT01852006,6,0.37044564
NCT05742802,NCT05444062,6,0.47493526
NCT05742802,NCT01017952,6,0.46812543
NCT05742802,NCT01559116,6,0.522049
NCT05742802,NCT01431274,6,0.5369841
NCT05742802,NCT00528996,6,0.5619101
NCT05742802,NCT04320342,6,0.59404045
NCT05742802,NCT05037929,6,0.6546783
NCT05742802,NCT01124422,6,0.39739472
NCT05742802,NCT02860728,6,0.4794249
NCT05742802,NCT06324214,6,0.47993875
NCT05742802,NCT01627327,6,0.38661918
NCT05742802,NCT04119934,6,0.4492318
NCT05742802,NCT00108823,6,0.5593433
NCT05742802,NCT02980575,6,0.32727104
NCT05742802,NCT04284865,6,0.4338491
NCT05742802,NCT01455402,6,0.49402112
NCT05742802,NCT06075095,6,0.5680394
NCT05742802,NCT00076089,6,0.46048442
NCT05742802,NCT02164513,6,0.6016968
NCT05742802,NCT01648621,6,0.5506283
NCT05742802,NCT00239447,6,0.418218
NCT05742802,NCT01044628,6,0.58533937
NCT05742802,NCT02283580,6,0.31923783
NCT05742802,NCT01533922,6,0.5301393
NCT05742802,NCT00570778,6,0.5279661
NCT05742802,NCT00268216,6,0.58992857
NCT05742802,NCT03102970,6,0.45528525
NCT00315380,NCT04157348,8,0.48586023
NCT00315380,NCT02020889,6,0.5563518
NCT00315380,NCT03712345,6,0.5441802
NCT00315380,NCT01750697,6,0.50507313
NCT00315380,NCT05263934,6,0.4418894
NCT00315380,NCT03298061,6,0.556508
NCT00315380,NCT02108860,6,0.41353297
NCT00315380,NCT00315393,6,0.5837248
NCT03037931,NCT05636176,8,0.39137197
NCT03037931,NCT02347722,6,0.43108982
NCT03037931,NCT03532009,6,0.4824808
NCT03037931,NCT01281384,6,0.39773715
NCT03037931,NCT03499236,6,0.4422196
NCT03037931,NCT03016325,6,0.6189678
NCT03037931,NCT05724433,6,0.39876953
NCT03037931,NCT03152552,6,0.51363933
NCT03037931,NCT00368641,6,0.4583143
NCT03037931,NCT03541616,6,0.40617812
NCT03037931,NCT02661451,6,0.40231863
NCT03037931,NCT05737940,6,0.5281901
NCT03037931,NCT02116140,6,0.31896183
NCT03037931,NCT00267098,6,0.38543278
NCT03037931,NCT00232180,6,0.4652076
NCT03037931,NCT01864369,6,0.38627258
NCT03037931,NCT04986202,6,0.53436804
NCT03037931,NCT03088033,6,0.42134285
NCT03037931,NCT02717507,6,0.5026351
NCT03037931,NCT02456428,6,0.5211686
NCT03037931,NCT03547583,6,0.576319
NCT03037931,NCT05560737,6,0.35975063
NCT03037931,NCT00959075,6,0.5678248
NCT03037931,NCT00358215,6,0.67022276
NCT03037931,NCT01685840,6,0.48119897
NCT03037931,NCT06217120,6,0.48679912
NCT03037931,NCT04245605,6,0.31528655
NCT03037931,NCT03103932,6,0.355245
NCT03037931,NCT03066804,6,0.46742368
NCT03037931,NCT04066907,6,0.48192453
NCT04159662,NCT05739370,6,0.40334174
NCT04159662,NCT04239651,6,0.4296432
NCT04159662,NCT03428555,6,0.46369123
NCT04159662,NCT04793542,6,0.43637624
NCT04159662,NCT01072630,6,0.3489066
NCT04159662,NCT06178731,6,0.56994164
NCT04159662,NCT03106883,6,0.55261517
NCT04159662,NCT03977038,6,0.5440103
NCT04159662,NCT02686333,6,0.4642608
NCT04159662,NCT04780620,6,0.43018636
NCT04159662,NCT03674671,6,0.5270393
NCT04159662,NCT05194267,6,0.51096666
NCT04159662,NCT05570344,6,0.41138726
NCT04159662,NCT04624191,6,0.34802887
NCT04159662,NCT03408821,6,0.38631213
NCT04159662,NCT03043833,6,0.43561816
NCT04159662,NCT01999010,6,0.6059683
NCT04159662,NCT05072210,6,0.39805028
NCT04159662,NCT04255784,6,0.47254172
NCT04159662,NCT02729792,6,0.4490742
NCT04159662,NCT04039568,6,0.5031879
NCT04159662,NCT03775200,6,0.44625068
NCT04159662,NCT02283541,6,0.54613596
NCT04159662,NCT01099592,6,0.49791825
NCT04159662,NCT04350814,6,0.45307738
NCT04159662,NCT00782912,6,0.34252957
NCT04159662,NCT06034821,6,0.41828912
NCT04159662,NCT03296007,6,0.5423505
NCT04159662,NCT04519892,6,0.48692077
NCT04159662,NCT02212366,6,0.55109876
NCT05347238,NCT03248271,6,0.4732548
NCT05347238,NCT01481740,6,0.5649935
NCT05347238,NCT05335174,6,0.51851815
NCT05347238,NCT03113045,6,0.43718708
NCT05347238,NCT01000649,6,0.41514683
NCT05347238,NCT01896960,6,0.39663574
NCT05347238,NCT01561274,6,0.45010132
NCT05347238,NCT01482559,6,0.52563745
NCT05347238,NCT02338843,6,0.45025292
NCT05347238,NCT02043886,6,0.4731751
NCT05347238,NCT05424510,6,0.46864647
NCT05347238,NCT06316817,6,0.46733922
NCT05347238,NCT03956186,6,0.47264403
NCT05347238,NCT02654847,6,0.66299033
NCT05347238,NCT02962986,6,0.6341212
NCT05347238,NCT01914133,6,0.5260865
NCT05347238,NCT03864692,6,0.5070567
NCT05347238,NCT02360085,6,0.4519369
NCT05347238,NCT02302378,6,0.4900565
NCT05347238,NCT01419106,6,0.45214176
NCT05347238,NCT00781157,6,0.62624204
NCT04159155,NCT03660826,8,0.6622209
NCT04159155,NCT03367741,6,0.65578884
NCT04159155,NCT03016338,6,0.56043583
NCT04159155,NCT01935934,6,0.6521524
NCT04159155,NCT02724501,6,0.56792706
NCT04159155,NCT05201547,6,0.6758655
NCT04159155,NCT06132958,6,0.63814455
NCT04159155,NCT05255653,6,0.6754389
NCT04159155,NCT02725268,6,0.5586694
NCT04159155,NCT01767155,6,0.53394854
NCT04159155,NCT05634499,6,0.6391602
NCT04159155,NCT01886066,6,0.5622704
NCT04159155,NCT01005329,6,0.62902415
NCT04159155,NCT04269200,6,0.6332142
NCT04159155,NCT00770185,6,0.62816566
NCT04159155,NCT02042495,6,0.5563611
NCT04159155,NCT04634877,6,0.6229394
NCT04159155,NCT04290299,6,0.57538766
NCT04159155,NCT03555422,6,0.7204998
NCT04159155,NCT03517449,6,0.6483218
NCT04159155,NCT02564276,6,0.4481487
NCT04159155,NCT06038032,6,0.5565589
NCT04159155,NCT00072176,6,0.6366469
NCT04159155,NCT03914612,6,0.6272207
NCT04159155,NCT00003946,6,0.55914986
NCT04159155,NCT04362046,6,0.4957184
NCT04159155,NCT01467219,6,0.5248059
NCT04159155,NCT05797831,6,0.66423726
NCT04159155,NCT00016341,6,0.6888683
NCT04159155,NCT00883116,6,0.5710472
NCT05070858,NCT06282159,6,0.51357585
NCT05070858,NCT00814138,6,0.5977017
NCT05070858,NCT00727194,6,0.5121314
NCT05070858,NCT01997229,6,0.5263909
NCT05070858,NCT03669588,6,0.4244425
NCT05070858,NCT02965573,6,0.42100304
NCT05070858,NCT02473965,6,0.513376
NCT05070858,NCT05403541,6,0.50056297
NCT05070858,NCT04524273,6,0.47347763
NCT05070858,NCT02774239,6,0.5527208
NCT05070858,NCT05324176,6,0.36760032
NCT05070858,NCT05218096,6,0.4676697
NCT05070858,NCT00294658,6,0.50043905
NCT05070858,NCT05556096,6,0.4657217
NCT05070858,NCT02100969,6,0.48102015
NCT05070858,NCT05566964,6,0.4812405
NCT05070858,NCT04650854,6,0.5408992
NCT05070858,NCT04115293,6,0.60323316
NCT05070858,NCT05132569,6,0.5051652
NCT05070858,NCT04980495,6,0.52125466
NCT05070858,NCT02413580,6,0.49318382
NCT05070858,NCT03770403,6,0.43194348
NCT05070858,NCT05681715,6,0.546808
NCT05070858,NCT03896295,6,0.49443248
NCT05070858,NCT03863080,6,0.4750642
NCT05070858,NCT03772587,6,0.4856361
NCT05070858,NCT03315130,6,0.5367567
NCT05070858,NCT03920293,6,0.5558187
NCT05070858,NCT02473952,6,0.5123655
NCT05070858,NCT04124965,6,0.5310639
NCT05797168,NCT04752215,8,0.4726079
NCT05797168,NCT02663518,8,0.5032808
NCT05797168,NCT04855656,8,0.4935021
NCT05797168,NCT04185883,8,0.53668493
NCT05797168,NCT05396833,8,0.46161884
NCT05797168,NCT05067283,8,0.52570474
NCT05797168,NCT03991832,6,0.5069008
NCT05797168,NCT01158274,6,0.430989
NCT05797168,NCT04521621,6,0.53929013
NCT05797168,NCT02350673,6,0.51614803
NCT05797168,NCT04482309,6,0.53251565
NCT05797168,NCT05277051,6,0.54809844
NCT05797168,NCT01928394,6,0.49656108
NCT05797168,NCT02799095,6,0.5689112
NCT05797168,NCT05594043,6,0.59880596
NCT05797168,NCT02341625,6,0.43667242
NCT05797168,NCT00138216,6,0.4462019
NCT05797168,NCT04943900,6,0.42568183
NCT05797168,NCT00357747,6,0.4986387
NCT05797168,NCT03799003,6,0.41830635
NCT05797168,NCT03661632,6,0.4208589
NCT05797168,NCT03805841,6,0.43258673
NCT05797168,NCT04919811,6,0.53563136
NCT05797168,NCT01548482,6,0.3966817
NCT05797168,NCT02830451,6,0.40448523
NCT05797168,NCT00387920,6,0.43533674
NCT05797168,NCT02937272,6,0.48606244
NCT05797168,NCT02556463,6,0.50556344
NCT05797168,NCT03770494,6,0.46100867
NCT05797168,NCT00625456,6,0.41196856
NCT04944173,NCT05317858,6,0.60547584
NCT04944173,NCT00773383,6,0.52113825
NCT04944173,NCT02879760,6,0.6125828
NCT04944173,NCT00449033,6,0.5564087
NCT04944173,NCT01507428,6,0.6263592
NCT04944173,NCT02228421,6,0.554147
NCT04944173,NCT06452277,6,0.5621699
NCT04944173,NCT03318939,6,0.6327667
NCT04944173,NCT02186847,6,0.53461426
NCT04944173,NCT01712217,6,0.6014528
NCT04944173,NCT02474355,6,0.5582718
NCT04944173,NCT05800015,6,0.56519806
NCT04944173,NCT03057106,6,0.6943307
NCT04944173,NCT02264990,6,0.512235
NCT04944173,NCT00003313,6,0.6117872
NCT04944173,NCT02864251,6,0.58806676
NCT04944173,NCT01186861,6,0.51005095
NCT04944173,NCT02299505,6,0.496092
NCT04944173,NCT02041468,6,0.56089175
NCT04944173,NCT01336894,6,0.5638272
NCT04944173,NCT01374100,6,0.42824873
NCT04944173,NCT00806923,6,0.49995422
NCT04944173,NCT02831959,6,0.55311275
NCT04944173,NCT05184712,6,0.6088919
NCT04944173,NCT05338970,6,0.62637985
NCT04944173,NCT00346320,6,0.60057557
NCT04944173,NCT02331394,6,0.49034524
NCT04944173,NCT00517790,6,0.5632703
NCT04944173,NCT01279408,6,0.4907104
NCT04944173,NCT00738387,6,0.50109637
NCT05774951,NCT00388726,8,0.6219531
NCT05774951,NCT01272037,8,0.63915455
NCT05774951,NCT02992782,6,0.424092
NCT05774951,NCT00777101,6,0.5345619
NCT05774951,NCT01437566,6,0.6586298
NCT05774951,NCT06112379,6,0.5738616
NCT05774951,NCT02132949,6,0.5298626
NCT05774951,NCT03036488,6,0.54244775
NCT05774951,NCT02954874,6,0.53960603
NCT05774951,NCT01077154,6,0.5589329
NCT05774951,NCT01303419,6,0.54000586
NCT05774951,NCT04228991,6,0.5350939
NCT05774951,NCT06247449,6,0.4267071
NCT05774951,NCT02861703,6,0.46932676
NCT05774951,NCT00003736,6,0.49609643
NCT05774951,NCT00005957,6,0.59012026
NCT05774951,NCT03277898,6,0.4080579
NCT05774951,NCT02876848,6,0.5656795
NCT05774951,NCT00909441,6,0.4124672
NCT05774951,NCT03407768,6,0.5222291
NCT05774951,NCT02308020,6,0.53725153
NCT05774951,NCT05217966,6,0.53611046
NCT05774951,NCT06447532,6,0.4006752
NCT05774951,NCT03726879,6,0.5463248
NCT05774951,NCT03781063,6,0.5659942
NCT05774951,NCT03493854,6,0.56391186
NCT05774951,NCT06386263,6,0.4976363
NCT05774951,NCT01047774,6,0.3122876
NCT05774951,NCT04671511,6,0.36283344
NCT05774951,NCT00333775,6,0.52130795
NCT05951959,NCT01073163,6,0.6754611
NCT05951959,NCT04662255,6,0.61859715
NCT05951959,NCT04566887,6,0.77512443
NCT05951959,NCT05471843,6,0.692383
NCT05951959,NCT02972840,6,0.80151486
NCT05951959,NCT01646021,6,0.624035
NCT05951959,NCT00722137,6,0.72226775
NCT05951959,NCT00030875,6,0.5223743
NCT05951959,NCT03112174,6,0.69977945
NCT05951959,NCT01776840,6,0.65398574
NCT05951959,NCT03571828,6,0.60001117
NCT05951959,NCT01415752,6,0.6761506
NCT05951959,NCT00877006,6,0.65995014
NCT05951959,NCT00117598,6,0.6463093
NCT03323905,NCT02147158,6,0.49941996
NCT03033251,NCT03741855,6,0.42011237
NCT03033251,NCT03930732,6,0.27991202
NCT03033251,NCT02006732,6,0.34483987
NCT03033251,NCT01313676,6,0.3430972
NCT03033251,NCT02497001,6,0.2811159
NCT03033251,NCT04039113,6,0.29798028
NCT03033251,NCT01321463,6,0.3009969
NCT03033251,NCT00559910,6,0.31850868
NCT03033251,NCT05166889,6,0.30567983
NCT03033251,NCT01949727,6,0.40567154
NCT03033251,NCT01437397,6,0.3668519
NCT03033251,NCT01718496,6,0.466542
NCT03033251,NCT04751487,6,0.31447443
NCT03033251,NCT04105088,6,0.36816
NCT03033251,NCT01323660,6,0.43613243
NCT03033251,NCT04456673,6,0.27654716
NCT03033251,NCT01964352,6,0.34483987
NCT03033251,NCT03546907,6,0.3811573
NCT03033251,NCT00891462,6,0.3703775
NCT03033251,NCT04631016,6,0.37394825
NCT03033251,NCT02311114,6,0.37081113
NCT03033251,NCT03345407,6,0.3678193
NCT03033251,NCT05045209,6,0.4562461
NCT03033251,NCT01044459,6,0.42635515
NCT03033251,NCT01120691,6,0.43370694
NCT03033251,NCT05573464,6,0.30229273
NCT03033251,NCT05492877,6,0.24478441
NCT03033251,NCT01490125,6,0.38148114
NCT03033251,NCT00970268,6,0.4473852
NCT03033251,NCT05061368,6,0.42867818
NCT03327753,NCT05938101,8,0.362706
NCT03327753,NCT05945719,8,0.41362908
NCT03327753,NCT04283409,8,0.95480144
NCT03327753,NCT05277038,6,0.3181497
NCT03327753,NCT05913817,6,0.42376062
NCT03327753,NCT06072235,6,0.35340914
NCT03327753,NCT00003232,6,0.4977546
NCT03327753,NCT01117870,6,0.57570976
NCT03327753,NCT02357459,6,0.500461
NCT03327753,NCT02794103,6,0.53521085
NCT03327753,NCT03201874,6,0.39289045
NCT03327753,NCT02697812,6,0.52737665
NCT03327753,NCT01561547,6,0.3456101
NCT03327753,NCT03949179,6,0.7336505
NCT03327753,NCT05986370,6,0.52089906
NCT03327753,NCT03888235,6,0.6166795
NCT03327753,NCT04893369,6,0.76388997
NCT03327753,NCT05294432,6,0.5043806
NCT03327753,NCT05894772,6,0.50928354
NCT03327753,NCT04842097,6,0.52307785
NCT03327753,NCT00139776,6,0.5121002
NCT03327753,NCT05018104,6,0.62162936
NCT03327753,NCT05713656,6,0.5541384
NCT03327753,NCT02764346,6,0.4528786
NCT03327753,NCT06204003,6,0.36739781
NCT03327753,NCT05161832,6,0.55155087
NCT03327753,NCT03672500,6,0.39617229
NCT03327753,NCT03094195,6,0.5466637
NCT03327753,NCT05217563,6,0.49474937
NCT03327753,NCT02116972,6,0.48411807
NCT05067283,NCT04752215,8,0.5906358
NCT05067283,NCT04855656,8,0.603322
NCT05067283,NCT05797168,8,0.5257048
NCT05067283,NCT04185883,8,0.6931797
NCT05067283,NCT02663518,8,0.56335825
NCT05067283,NCT05396833,8,0.6090091
NCT05067283,NCT03991832,6,0.53893554
NCT05067283,NCT01158274,6,0.5811611
NCT05067283,NCT04521621,6,0.66169804
NCT05067283,NCT02350673,6,0.6023991
NCT05067283,NCT04482309,6,0.63686484
NCT05067283,NCT05277051,6,0.7283068
NCT05067283,NCT01928394,6,0.6187505
NCT05067283,NCT02799095,6,0.6638802
NCT05067283,NCT05594043,6,0.79081064
NCT05067283,NCT02341625,6,0.6574443
NCT05067283,NCT00138216,6,0.5487113
NCT05067283,NCT04943900,6,0.5965807
NCT05067283,NCT00357747,6,0.4795662
NCT05067283,NCT03799003,6,0.6080372
NCT05067283,NCT03661632,6,0.59002715
NCT05067283,NCT03805841,6,0.56787455
NCT05067283,NCT04919811,6,0.5842165
NCT05067283,NCT01548482,6,0.58741033
NCT05067283,NCT02830451,6,0.49866435
NCT05067283,NCT00387920,6,0.60958284
NCT05067283,NCT02937272,6,0.5878713
NCT05067283,NCT02556463,6,0.571125
NCT05067283,NCT03770494,6,0.6143136
NCT05067283,NCT00625456,6,0.61115456
NCT03464019,NCT04952610,6,0.83961517
NCT03464019,NCT04072835,6,0.816396
NCT03464019,NCT00390546,6,0.60134
NCT03464019,NCT02469623,6,0.47835407
NCT03464019,NCT02296190,6,0.61893594
NCT03464019,NCT03635996,6,0.8538087
NCT03464019,NCT02095405,6,0.60960394
NCT03899155,NCT00404924,6,0.5026501
NCT03899155,NCT00002583,6,0.6085381
NCT03899155,NCT00550017,6,0.54699355
NCT03899155,NCT02222259,6,0.5743745
NCT03899155,NCT04554667,6,0.398102
NCT03899155,NCT00003119,6,0.5610368
NCT03899155,NCT04008563,6,0.3607781
NCT03899155,NCT01702922,6,0.43547082
NCT03899155,NCT04262388,6,0.5001921
NCT03899155,NCT03322540,6,0.45558175
NCT03899155,NCT05139706,6,0.5056894
NCT03899155,NCT04793815,6,0.4696917
NCT03899155,NCT00982111,6,0.52366954
NCT03899155,NCT02008227,6,0.55211914
NCT03899155,NCT01168973,6,0.5708094
NCT03899155,NCT00003684,6,0.50513595
NCT03899155,NCT05503797,6,0.4880343
NCT03899155,NCT00066313,6,0.59233147
NCT03899155,NCT03137771,6,0.4697487
NCT03899155,NCT01111032,6,0.42051202
NCT03899155,NCT01163903,6,0.5896604
NCT03899155,NCT01693991,6,0.53648114
NCT03899155,NCT05740566,6,0.59799284
NCT03899155,NCT01480973,6,0.5335333
NCT03899155,NCT03124316,6,0.40404066
NCT03899155,NCT03558165,6,0.48844635
NCT03899155,NCT03765177,6,0.4659185
NCT03899155,NCT02915471,6,0.5257777
NCT03899155,NCT01164046,6,0.5387809
NCT03899155,NCT04221945,6,0.5078318
NCT04177108,NCT03197935,6,0.7678814
NCT04177108,NCT01306032,6,0.61059886
NCT04177108,NCT05629585,6,0.589797
NCT04177108,NCT04915755,6,0.585056
NCT04177108,NCT05382286,6,0.5982552
NCT04177108,NCT05382299,6,0.5760417
NCT04177108,NCT03281954,6,0.6993979
NCT04177108,NCT06103864,6,0.66330624
NCT04177108,NCT02688803,6,0.5081626
NCT04177108,NCT02574455,6,0.58060855
NCT04177108,NCT03775850,6,0.59761864
NCT04177108,NCT02425891,6,0.79805714
NCT04177108,NCT03499899,6,0.57223177
NCT04177108,NCT03337724,6,0.9368784
NCT04177108,NCT05374512,6,0.57520473
NCT00002610,NCT02279459,6,0.4424653
NCT00002610,NCT03668119,6,0.5260103
NCT00002610,NCT03818412,6,0.519764
NCT00002610,NCT02617589,6,0.49019545
NCT00002610,NCT03249584,6,0.5324345
NCT00002610,NCT01479283,6,0.3985819
NCT00002610,NCT05717166,6,0.5756352
NCT00002610,NCT00373425,6,0.47678265
NCT00002610,NCT00125710,6,0.5477986
NCT00002610,NCT03295981,6,0.5303091
NCT00002610,NCT00576758,6,0.4640061
NCT00002610,NCT00045968,6,0.5534848
NCT00002610,NCT04684368,6,0.5911907
NCT00002610,NCT00414089,6,0.38371366
NCT00002610,NCT02391246,6,0.42293173
NCT00002610,NCT05576077,6,0.505474
NCT00002610,NCT03944798,6,0.53915274
NCT00002610,NCT00919750,6,0.50151515
NCT00002610,NCT02724540,6,0.52843654
NCT00002610,NCT06464341,6,0.47210678
NCT00002610,NCT01116843,6,0.4570699
NCT00002610,NCT03829332,6,0.4737318
NCT00002610,NCT00475670,6,0.4576834
NCT00002610,NCT04339517,6,0.47540462
NCT00002610,NCT06328491,6,0.45223066
NCT00002610,NCT06487403,6,0.58792686
NCT00002610,NCT05284305,6,0.4493758
NCT00002610,NCT03839706,6,0.4537994
NCT00002610,NCT00945009,6,0.5503257
NCT00002610,NCT05727904,6,0.4955093
NCT05846230,NCT03975829,6,0.55297744
NCT05846230,NCT01735955,6,0.59178096
NCT05846230,NCT03606408,6,0.5387038
NCT05846230,NCT01054573,6,0.51013166
NCT05846230,NCT04464226,6,0.6124488
NCT03712033,NCT04789616,8,0.6129853
NCT03712033,NCT02951338,6,0.44851112
NCT03712033,NCT05421533,6,0.5398856
NCT03712033,NCT01189058,6,0.471693
NCT03712033,NCT03006731,6,0.55201024
NCT03712033,NCT02898610,6,0.44438684
NCT03712033,NCT05447728,6,0.5414071
NCT03712033,NCT02258880,6,0.46182826
NCT03712033,NCT01733160,6,0.5195696
NCT03712033,NCT03570216,6,0.34058893
NCT03712033,NCT06386510,6,0.46858272
NCT03712033,NCT03191422,6,0.524292
NCT03712033,NCT00262600,6,0.39925852
NCT03712033,NCT02494362,6,0.4434268
NCT03712033,NCT02597569,6,0.46490997
NCT03712033,NCT04044807,6,0.5039975
NCT03712033,NCT03126214,6,0.465004
NCT03712033,NCT04029233,6,0.4085641
NCT03712033,NCT01769703,6,0.39901415
NCT03712033,NCT05791617,6,0.5283574
NCT03712033,NCT02387229,6,0.50198275
NCT03712033,NCT02405351,6,0.47632897
NCT03712033,NCT04484350,6,0.46990567
NCT03712033,NCT04309474,6,0.45579964
NCT03712033,NCT05016193,6,0.5689382
NCT03712033,NCT00084292,6,0.6485753
NCT03712033,NCT02285933,6,0.45236647
NCT03712033,NCT02316405,6,0.42393878
NCT03712033,NCT04142125,6,0.5433424
NCT03712033,NCT03494530,6,0.536804
NCT05522244,NCT00826059,6,0.5125479
NCT05522244,NCT00235495,6,0.5019593
NCT05522244,NCT02101606,6,0.59321547
NCT05522244,NCT04462536,6,0.53841484
NCT05522244,NCT03889249,6,0.5238508
NCT05522244,NCT02327793,6,0.543274
NCT05522244,NCT05675774,6,0.62926155
NCT05522244,NCT03766581,6,0.5030242
NCT05522244,NCT02930018,6,0.5612643
NCT05522244,NCT00856661,6,0.48265564
NCT05522244,NCT03876457,6,0.49810597
NCT05522244,NCT02184936,6,0.6170434
NCT05522244,NCT06320431,6,0.57681364
NCT01949727,NCT05742802,8,0.47614253
NCT01949727,NCT05553223,6,0.45305276
NCT01949727,NCT04704310,6,0.44980836
NCT01949727,NCT02150434,6,0.41694862
NCT01949727,NCT00299858,6,0.40387338
NCT01949727,NCT01072396,6,0.3365675
NCT01949727,NCT05423652,6,0.52500135
NCT01949727,NCT00696020,6,0.40938595
NCT01949727,NCT01855230,6,0.41277406
NCT01949727,NCT01613326,6,0.36968178
NCT01949727,NCT05962164,6,0.4088021
NCT01949727,NCT02321215,6,0.60085356
NCT01949727,NCT04456673,6,0.44963092
NCT01949727,NCT02603393,6,0.38182148
NCT01949727,NCT04966637,6,0.5947432
NCT01949727,NCT02695342,6,0.43935123
NCT01949727,NCT05109754,6,0.51658875
NCT01949727,NCT04320342,6,0.37412935
NCT01949727,NCT00297115,6,0.3878457
NCT01949727,NCT01559116,6,0.37095997
NCT01949727,NCT01942499,6,0.5556392
NCT01949727,NCT00793624,6,0.4167491
NCT01949727,NCT02283580,6,0.44637161
NCT01949727,NCT03405090,6,0.40020758
NCT01949727,NCT00274027,6,0.43792757
NCT01949727,NCT05166889,6,0.4461641
NCT01949727,NCT02080442,6,0.5020429
NCT01949727,NCT01040403,6,0.3975755
NCT01949727,NCT00144326,6,0.44269696
NCT01949727,NCT02690038,6,0.4612236
NCT04102020,NCT00003593,6,0.5465577
NCT04102020,NCT03298516,6,0.699914
NCT04102020,NCT02993523,6,0.8089455
NCT04102020,NCT02367456,6,0.6531515
NCT04102020,NCT00005866,6,0.56680894
NCT04102020,NCT02545283,6,0.64762473
NCT04102020,NCT00946647,6,0.6133464
NCT04102020,NCT01334086,6,0.55914795
NCT04102020,NCT00438178,6,0.58596474
NCT04102020,NCT03027102,6,0.50070196
NCT04102020,NCT02098967,6,0.61681026
NCT04102020,NCT01883362,6,0.576775
NCT04102020,NCT02421939,6,0.5766654
NCT04102020,NCT00651261,6,0.59659874
NCT04102020,NCT04789655,6,0.62781096
NCT04102020,NCT04067180,6,0.3942171
NCT04102020,NCT01358734,6,0.6950875
NCT04102020,NCT00260832,6,0.5967857
NCT04102020,NCT01685619,6,0.55232507
NCT04102020,NCT01280786,6,0.6053631
NCT04102020,NCT01307579,6,0.5016501
NCT04102020,NCT01385787,6,0.43143854
NCT04102020,NCT00372593,6,0.6263427
NCT04102020,NCT05275439,6,0.64670247
NCT04102020,NCT02848001,6,0.56709564
NCT04102020,NCT04336982,6,0.5800427
NCT04102020,NCT02775903,6,0.697854
NCT04102020,NCT02527174,6,0.5872836
NCT04102020,NCT00275080,6,0.5139182
NCT04102020,NCT05079230,6,0.7417561
NCT05704361,NCT02493049,6,0.48877254
NCT05704361,NCT00835770,6,0.6186407
NCT05704361,NCT01738347,6,0.5796153
NCT05704361,NCT03996291,6,0.5425863
NCT05704361,NCT03949387,6,0.46472192
NCT05704361,NCT05313204,6,0.35987836
NCT05704361,NCT04279912,6,0.5320907
NCT05704361,NCT01597297,6,0.5655594
NCT05704361,NCT06141486,6,0.56661105
NCT05704361,NCT00391079,6,0.60170335
NCT05704361,NCT01058005,6,0.61749107
NCT05704361,NCT01144351,6,0.6823148
NCT05704361,NCT03137602,6,0.44334123
NCT05704361,NCT02123537,6,0.40512007
NCT05704361,NCT01226745,6,0.5209951
NCT05704361,NCT04548999,6,0.69457453
NCT05704361,NCT00027300,6,0.6543847
NCT05704361,NCT02545868,6,0.6524561
NCT05704361,NCT01081782,6,0.5379288
NCT05704361,NCT03067025,6,0.346586
NCT05704361,NCT01194570,6,0.6820492
NCT05704361,NCT01457924,6,0.6348491
NCT05704361,NCT04544436,6,0.68268055
NCT05704361,NCT05496881,6,0.45526794
NCT05704361,NCT04411641,6,0.6015677
NCT05704361,NCT00420212,6,0.647555
NCT05704361,NCT00906399,6,0.67729986
NCT05704361,NCT05061953,6,0.5005445
NCT05704361,NCT02087631,6,0.5685931
NCT05704361,NCT01611987,6,0.39152884
NCT05938101,NCT03327753,8,0.36270592
NCT05938101,NCT05945719,8,0.84347206
NCT05938101,NCT04283409,8,0.37456825
NCT05938101,NCT05277038,6,0.27409187
NCT05938101,NCT05913817,6,0.29511574
NCT05938101,NCT06072235,6,0.6124005
NCT05938101,NCT00003232,6,0.30756283
NCT05938101,NCT01117870,6,0.38535637
NCT05938101,NCT02357459,6,0.33941823
NCT05938101,NCT02794103,6,0.3589023
NCT05938101,NCT03201874,6,0.43012443
NCT05938101,NCT02697812,6,0.3590597
NCT05938101,NCT01561547,6,0.39880797
NCT05938101,NCT03949179,6,0.39088556
NCT05938101,NCT05986370,6,0.25665182
NCT05938101,NCT03888235,6,0.3119819
NCT05938101,NCT04893369,6,0.39417487
NCT05938101,NCT05294432,6,0.41565573
NCT05938101,NCT05894772,6,0.37358624
NCT05938101,NCT04842097,6,0.41862276
NCT05938101,NCT00139776,6,0.39018536
NCT05938101,NCT05018104,6,0.4348021
NCT05938101,NCT05713656,6,0.33236232
NCT05938101,NCT02764346,6,0.43550166
NCT05938101,NCT06204003,6,0.34145108
NCT05938101,NCT05161832,6,0.46701032
NCT05938101,NCT03672500,6,0.37723812
NCT05938101,NCT03094195,6,0.34272107
NCT05938101,NCT05217563,6,0.4097559
NCT05938101,NCT02116972,6,0.34852278
NCT03832946,NCT01203943,6,0.6489086
NCT03832946,NCT04396756,6,0.67606145
NCT03832946,NCT06097260,6,0.6933804
NCT03832946,NCT01529853,6,0.6415489
NCT03832946,NCT03752892,6,0.5908246
NCT03832946,NCT04708782,6,0.659153
NCT03832946,NCT04594707,6,0.6915155
NCT03832946,NCT06003426,6,0.66653216
NCT03832946,NCT01872689,6,0.67564374
NCT03832946,NCT05964335,6,0.650537
NCT03832946,NCT00903331,6,0.62139
NCT03832946,NCT02538536,6,0.7271834
NCT03832946,NCT00631475,6,0.5962169
NCT03832946,NCT01629667,6,0.64663506
NCT03832946,NCT05321069,6,0.73001814
NCT03832946,NCT01769196,6,0.64923763
NCT03832946,NCT05032066,6,0.6263619
NCT03832946,NCT04552899,6,0.68106616
NCT03832946,NCT05052229,6,0.27354375
NCT03832946,NCT05130970,6,0.652574
NCT03832946,NCT01890265,6,0.69124395
NCT03832946,NCT02951429,6,0.5978966
NCT03832946,NCT03864328,6,0.6624961
NCT03832946,NCT03261037,6,0.5755806
NCT03832946,NCT00391443,6,0.5798735
NCT03832946,NCT01335477,6,0.69037014
NCT03832946,NCT01170065,6,0.6088878
NCT03832946,NCT05785624,6,0.6357409
NCT03832946,NCT02579603,6,0.62212723
NCT03832946,NCT00768300,6,0.66178054
NCT01272037,NCT00388726,8,0.69571286
NCT01272037,NCT05774951,8,0.6391545
NCT01272037,NCT02992782,6,0.5404184
NCT01272037,NCT00777101,6,0.61362195
NCT01272037,NCT01437566,6,0.63160694
NCT01272037,NCT06112379,6,0.65216315
NCT01272037,NCT02132949,6,0.6653614
NCT01272037,NCT03036488,6,0.70317024
NCT01272037,NCT02954874,6,0.733048
NCT01272037,NCT01077154,6,0.7483221
NCT01272037,NCT01303419,6,0.52921265
NCT01272037,NCT04228991,6,0.58105206
NCT01272037,NCT06247449,6,0.5234329
NCT01272037,NCT02861703,6,0.48952422
NCT01272037,NCT00003736,6,0.52737266
NCT01272037,NCT00005957,6,0.7036994
NCT01272037,NCT03277898,6,0.51207215
NCT01272037,NCT02876848,6,0.7269045
NCT01272037,NCT00909441,6,0.59105086
NCT01272037,NCT03407768,6,0.6188793
NCT01272037,NCT02308020,6,0.62280834
NCT01272037,NCT05217966,6,0.61490595
NCT01272037,NCT06447532,6,0.51027256
NCT01272037,NCT03726879,6,0.6620469
NCT01272037,NCT03781063,6,0.5536225
NCT01272037,NCT03493854,6,0.6485658
NCT01272037,NCT06386263,6,0.5193808
NCT01272037,NCT01047774,6,0.4056481
NCT01272037,NCT04671511,6,0.4571175
NCT01272037,NCT00333775,6,0.5840321
NCT01883297,NCT03393884,6,0.675954
NCT01883297,NCT00791778,6,0.61881113
NCT01883297,NCT05092360,6,0.5715849
NCT01883297,NCT02272790,6,0.62113625
NCT01883297,NCT01083537,6,0.5912724
NCT01883297,NCT02606305,6,0.5771892
NCT01883297,NCT02354586,6,0.63041943
NCT01883297,NCT01891344,6,0.6124056
NCT01883297,NCT02446600,6,0.5745864
NCT01883297,NCT02502266,6,0.5529335
NCT01883297,NCT03776812,6,0.6105568
NCT01883297,NCT02983799,6,0.5638196
NCT01883297,NCT02631876,6,0.6083861
NCT01883297,NCT02855944,6,0.5118309
NCT04675294,NCT01345669,6,0.54126364
NCT04675294,NCT03358472,6,0.65567863
NCT04675294,NCT06129864,6,0.58174896
NCT04675294,NCT05061420,6,0.5997019
NCT04675294,NCT04428333,6,0.6522993
NCT04675294,NCT03040999,6,0.7182125
NCT04675294,NCT01602315,6,0.6119051
NCT04675294,NCT04534205,6,0.6456433
NCT04675294,NCT06054477,6,0.73990494
NCT04675294,NCT04199104,6,0.6658084
NCT04675294,NCT04489888,6,0.668922
NCT04675294,NCT04428151,6,0.69940865
NCT04675294,NCT01852292,6,0.5848038
NCT04675294,NCT05909904,6,0.6044402
NCT04675294,NCT01484847,6,0.56210923
NCT04675294,NCT04128696,6,0.6607438
NCT04675294,NCT04606940,6,0.44371384
NCT04675294,NCT04599309,6,0.4606513
NCT04675294,NCT04338399,6,0.60325104
NCT03263091,NCT05664737,8,0.561452
NCT03263091,NCT05648942,6,0.43242365
NCT03263091,NCT01587924,6,0.5957115
NCT03263091,NCT00559273,6,0.6533913
NCT03263091,NCT03578419,6,0.45763996
NCT03263091,NCT00782912,6,0.32082403
NCT03263091,NCT04455841,6,0.61104506
NCT03263091,NCT00413114,6,0.6066353
NCT03263091,NCT05682326,6,0.64450055
NCT03263091,NCT05949684,6,0.6344381
NCT03263091,NCT05568225,6,0.58137923
NCT03263091,NCT03682536,6,0.6103707
NCT03263091,NCT01977482,6,0.6115493
NCT03263091,NCT02879305,6,0.695957
NCT03263091,NCT02892149,6,0.65594614
NCT03263091,NCT03409107,6,0.631726
NCT03263091,NCT06220461,6,0.48000395
NCT03263091,NCT00213291,6,0.44174668
NCT03263091,NCT02876835,6,0.66139996
NCT03263091,NCT02694978,6,0.58359426
NCT03263091,NCT00077766,6,0.66768146
NCT03263091,NCT02174731,6,0.8124613
NCT03263091,NCT03029208,6,0.6818667
NCT03263091,NCT02174627,6,0.8441847
NCT03263091,NCT02680574,6,0.65593684
NCT03263091,NCT00318812,6,0.5533999
NCT03263091,NCT03400033,6,0.70359194
NCT03263091,NCT01587898,6,0.61649966
NCT03263091,NCT06303531,6,0.5224396
NCT03263091,NCT03528564,6,0.59220743
NCT04320056,NCT01799993,6,0.5622938
NCT04320056,NCT01997047,6,0.506913
NCT04320056,NCT02462590,6,0.5726112
NCT04320056,NCT01168713,6,0.47691983
NCT04320056,NCT01782755,6,0.6049263
NCT04320056,NCT00797108,6,0.5334338
NCT04320056,NCT01756339,6,0.5145919
NCT04320056,NCT04331665,6,0.660163
NCT04320056,NCT03031210,6,0.5412823
NCT04320056,NCT04374591,6,0.58847356
NCT04320056,NCT00640926,6,0.56894463
NCT04320056,NCT01498601,6,0.47269818
NCT04320056,NCT03032380,6,0.5631751
NCT04320056,NCT04320615,6,0.608135
NCT04320056,NCT01968733,6,0.5209259
NCT04320056,NCT03265756,6,0.58631516
NCT04320056,NCT05761613,6,0.55319804
NCT04320056,NCT00867841,6,0.5946442
NCT05526521,NCT06042478,8,0.5782056
NCT05526521,NCT06077773,6,0.5729766
NCT05526521,NCT02477332,6,0.6094673
NCT05526521,NCT02649218,6,0.62134737
NCT05526521,NCT03137069,6,0.6311741
NCT05526521,NCT05032157,6,0.632837
NCT05526521,NCT05513001,6,0.6046257
NCT05526521,NCT04180488,6,0.72448665
NCT05526521,NCT03926611,6,0.6780089
NCT05526521,NCT05677451,6,0.59280175
NCT05526521,NCT06050928,6,0.5008068
NCT05526521,NCT05795153,6,0.5588926
NCT05526521,NCT04681729,6,0.7497467
NCT05526521,NCT03580369,6,0.6599059
NCT05526521,NCT00214851,6,0.3513144
NCT05526521,NCT05107115,6,0.6606271
NCT05526521,NCT04210843,6,0.6438674
NCT05526521,NCT05976243,6,0.6038766
NCT05526521,NCT03437278,6,0.6826454
NCT06042478,NCT05526521,8,0.57820576
NCT06042478,NCT06077773,6,0.53547335
NCT06042478,NCT02477332,6,0.61346513
NCT06042478,NCT02649218,6,0.6436721
NCT06042478,NCT03137069,6,0.53996277
NCT06042478,NCT05032157,6,0.83018684
NCT06042478,NCT05513001,6,0.74988353
NCT06042478,NCT04180488,6,0.6476838
NCT06042478,NCT03926611,6,0.652746
NCT06042478,NCT05677451,6,0.803554
NCT06042478,NCT06050928,6,0.50723267
NCT06042478,NCT05795153,6,0.7448102
NCT06042478,NCT04681729,6,0.60338885
NCT06042478,NCT03580369,6,0.66893625
NCT06042478,NCT00214851,6,0.3909065
NCT06042478,NCT05107115,6,0.63213056
NCT06042478,NCT04210843,6,0.62919426
NCT06042478,NCT05976243,6,0.754986
NCT06042478,NCT03437278,6,0.67799765
NCT05769777,NCT05935085,6,0.6342334
NCT05769777,NCT04447417,6,0.64084715
NCT05769777,NCT02340234,6,0.6439253
NCT05769777,NCT02211417,6,0.6218273
NCT05769777,NCT04791319,6,0.5903346
NCT05769777,NCT03540043,6,0.4770628
NCT05769777,NCT03531957,6,0.6276028
NCT05769777,NCT06101823,6,0.637508
NCT05769777,NCT05694884,6,0.67124164
NCT05769777,NCT03568318,6,0.6472668
NCT05769777,NCT03363854,6,0.59741306
NCT05769777,NCT03654755,6,0.69900775
NCT05769777,NCT05014568,6,0.5452631
NCT05769777,NCT04800315,6,0.6571767
NCT05769777,NCT03725722,6,0.6117895
NCT05769777,NCT03687359,6,0.6203952
NCT05769777,NCT05032859,6,0.5452631
NCT05769777,NCT03304470,6,0.628939
NCT05769777,NCT03055195,6,0.7030604
NCT05769777,NCT02908698,6,0.6258011
NCT05769777,NCT01701466,6,0.55199605
NCT05769777,NCT06447506,6,0.5752289
NCT05769777,NCT02925117,6,0.6883943
NCT05769777,NCT03680131,6,0.62152684
NCT05769777,NCT06238817,6,0.63762134
NCT05769777,NCT03738397,6,0.69677764
NCT05769777,NCT03160885,6,0.6351968
NCT05769777,NCT04040192,6,0.532831
NCT05769777,NCT03826901,6,0.6217685
NCT05769777,NCT05014438,6,0.66653067
NCT04855656,NCT04752215,8,0.6245738
NCT04855656,NCT02663518,8,0.6607755
NCT04855656,NCT05797168,8,0.49350226
NCT04855656,NCT04185883,8,0.66311383
NCT04855656,NCT05396833,8,0.6070205
NCT04855656,NCT05067283,8,0.6033219
NCT04855656,NCT03991832,6,0.61166584
NCT04855656,NCT01158274,6,0.6284487
NCT04855656,NCT04521621,6,0.7120029
NCT04855656,NCT02350673,6,0.58628047
NCT04855656,NCT04482309,6,0.6193362
NCT04855656,NCT05277051,6,0.6963224
NCT04855656,NCT01928394,6,0.64035213
NCT04855656,NCT02799095,6,0.6632197
NCT04855656,NCT05594043,6,0.6827727
NCT04855656,NCT02341625,6,0.6252508
NCT04855656,NCT00138216,6,0.5904681
NCT04855656,NCT04943900,6,0.6777619
NCT04855656,NCT00357747,6,0.6532215
NCT04855656,NCT03799003,6,0.6332092
NCT04855656,NCT03661632,6,0.68696487
NCT04855656,NCT03805841,6,0.61891335
NCT04855656,NCT04919811,6,0.59157044
NCT04855656,NCT01548482,6,0.5952243
NCT04855656,NCT02830451,6,0.48411232
NCT04855656,NCT00387920,6,0.56688243
NCT04855656,NCT02937272,6,0.6710901
NCT04855656,NCT02556463,6,0.5700234
NCT04855656,NCT03770494,6,0.69419765
NCT04855656,NCT00625456,6,0.5657731
NCT05938270,NCT06120491,8,0.7189604
NCT05938270,NCT00686036,6,0.5699915
NCT05938270,NCT01878773,6,0.48177296
NCT05938270,NCT01512472,6,0.539817
NCT05938270,NCT00188708,6,0.5596548
NCT05938270,NCT03424694,6,0.48511848
NCT05938270,NCT01733836,6,0.5793118
NCT05938270,NCT05851547,6,0.51939887
NCT05938270,NCT00106691,6,0.5782993
NCT05938270,NCT06235697,6,0.50284547
NCT05938270,NCT02975934,6,0.4935132
NCT05938270,NCT01547299,6,0.6462965
NCT05938270,NCT03938766,6,0.425614
NCT05938270,NCT03459820,6,0.49447507
NCT05938270,NCT04281147,6,0.4681896
NCT05938270,NCT02077335,6,0.518838
NCT05938270,NCT02960022,6,0.64677906
NCT05938270,NCT03385655,6,0.5402848
NCT05938270,NCT00295802,6,0.45915475
NCT05938270,NCT02229734,6,0.4995193
NCT05938270,NCT00043069,6,0.5023282
NCT05938270,NCT01993160,6,0.46545488
NCT05938270,NCT00910754,6,0.56551236
NCT05938270,NCT00946920,6,0.595138
NCT05938270,NCT02968784,6,0.40154272
NCT05938270,NCT02095249,6,0.36585745
NCT05938270,NCT00632905,6,0.49840948
NCT05938270,NCT03160794,6,0.5357898
NCT05938270,NCT02108613,6,0.4597289
NCT05938270,NCT02981368,6,0.5051346
NCT00168792,NCT00623623,6,0.6378829
NCT00168792,NCT01226563,6,0.53522736
NCT00168792,NCT03508232,6,0.39254802
NCT00168792,NCT04957719,6,0.5932771
NCT00168792,NCT00046228,6,0.63958836
NCT00168792,NCT06118281,6,0.3969462
NCT00168792,NCT02924727,6,0.5762126
NCT00168792,NCT02108262,6,0.6101729
NCT00168792,NCT04509674,6,0.5619082
NCT00168792,NCT00877903,6,0.60257894
NCT00168792,NCT05290389,6,0.43111065
NCT00168792,NCT00440895,6,0.5922765
NCT00168792,NCT01176968,6,0.6567798
NCT00168792,NCT06139328,6,0.59623015
NCT00168792,NCT00936819,6,0.5787283
NCT05029583,NCT05583344,8,0.49791223
NCT05029583,NCT01609582,6,0.564995
NCT05029583,NCT05527574,6,0.53586864
NCT05029583,NCT03682250,6,0.41917068
NCT05029583,NCT02214719,6,0.32733673
NCT05029583,NCT02774876,6,0.49048117
NCT05029583,NCT03130426,6,0.52645093
NCT05029583,NCT01589757,6,0.27168554
NCT05029583,NCT03071692,6,0.38183492
NCT05029583,NCT02462785,6,0.5128102
NCT05029583,NCT01103284,6,0.62708384
NCT05029583,NCT01589835,6,0.4539668
NCT05029583,NCT02292511,6,0.4137328
NCT05029583,NCT03506776,6,0.49521762
NCT05029583,NCT01834144,6,0.47693637
NCT05029583,NCT00309244,6,0.58101404
NCT05029583,NCT01507116,6,0.47379807
NCT05029583,NCT01186952,6,0.43032512
NCT05029583,NCT03234101,6,0.4055364
NCT05029583,NCT01597154,6,0.66251206
NCT05029583,NCT02909829,6,0.5569875
NCT05029583,NCT05197114,6,0.45742583
NCT05029583,NCT01980017,6,0.66692656
NCT05029583,NCT01578460,6,0.41210943
NCT05029583,NCT00000620,6,0.4034422
NCT05029583,NCT02843724,6,0.48015437
NCT05029583,NCT01351857,6,0.63792086
NCT05029583,NCT02808182,6,0.43663087
NCT05029583,NCT00522210,6,0.54241073
NCT05029583,NCT04226378,6,0.43168646
NCT05227287,NCT05680818,6,0.44951832
NCT04619420,NCT04994483,6,0.72815
NCT04619420,NCT02294513,6,0.44897544
NCT04619420,NCT05026177,6,0.741083
NCT04619420,NCT00710684,6,0.5547079
NCT04619420,NCT03444870,6,0.7576167
NCT04619420,NCT04437511,6,0.5822121
NCT04619420,NCT06335173,6,0.68607575
NCT04619420,NCT00151502,6,0.6167292
NCT04619420,NCT04520412,6,0.67838025
NCT04619420,NCT03367403,6,0.57005215
NCT04619420,NCT03186989,6,0.6946004
NCT04619420,NCT01723826,6,0.6323946
NCT04619420,NCT01549834,6,0.75057167
NCT04619420,NCT01735630,6,0.6501667
NCT04619420,NCT03506672,6,0.4235115
NCT04619420,NCT01766336,6,0.5490402
NCT04619420,NCT02167256,6,0.58669674
NCT04619420,NCT01847586,6,0.44473073
NCT04619420,NCT02880956,6,0.74118096
NCT04619420,NCT00594568,6,0.5125737
NCT04619420,NCT02986932,6,0.62466437
NCT04619420,NCT02245737,6,0.65196776
NCT04619420,NCT01608061,6,0.6493319
NCT04619420,NCT04388254,6,0.5538778
NCT04619420,NCT01428453,6,0.61755306
NCT04619420,NCT01524887,6,0.64139235
NCT04619420,NCT00663936,6,0.75511307
NCT04619420,NCT03887455,6,0.66451925
NCT04619420,NCT04639050,6,0.704016
NCT04619420,NCT01689246,6,0.72407395
NCT02663518,NCT04855656,8,0.6607754
NCT02663518,NCT05067283,8,0.5633581
NCT02663518,NCT04752215,8,0.63579655
NCT02663518,NCT04185883,8,0.600022
NCT02663518,NCT05797168,8,0.50328076
NCT02663518,NCT05396833,8,0.56347996
NCT02663518,NCT02350673,6,0.61171144
NCT02663518,NCT06055075,6,0.61701554
NCT02663518,NCT02341625,6,0.6206628
NCT02663518,NCT02830451,6,0.42295173
NCT02663518,NCT00357747,6,0.5561363
NCT02663518,NCT04943900,6,0.58780354
NCT02663518,NCT00138216,6,0.60160965
NCT02663518,NCT00275080,6,0.4760775
NCT02663518,NCT04659629,6,0.63127905
NCT02663518,NCT02937272,6,0.6346325
NCT02663518,NCT02799095,6,0.599593
NCT02663518,NCT03991832,6,0.56316215
NCT02663518,NCT01158274,6,0.6484271
NCT02663518,NCT04502446,6,0.63577205
NCT02663518,NCT06419634,6,0.5894389
NCT02663518,NCT04919811,6,0.61562717
NCT02663518,NCT04521621,6,0.66476107
NCT02663518,NCT01780662,6,0.5722981
NCT02663518,NCT01538095,6,0.6096438
NCT02663518,NCT00983619,6,0.72025895
NCT02663518,NCT00625456,6,0.66828066
NCT02663518,NCT01462175,6,0.60451657
NCT02663518,NCT05594043,6,0.6239361
NCT02663518,NCT00049582,6,0.5387075
NCT04157348,NCT00315380,8,0.48586008
NCT04157348,NCT02020889,6,0.81995285
NCT04157348,NCT03712345,6,0.5739907
NCT04157348,NCT01750697,6,0.6283852
NCT04157348,NCT05263934,6,0.7046199
NCT04157348,NCT03298061,6,0.7250106
NCT04157348,NCT02108860,6,0.4013838
NCT04157348,NCT00315393,6,0.4049967
NCT04157348,NCT03712345,6,0.5739907
NCT04157348,NCT02108860,6,0.4013838
NCT04157348,NCT05263934,6,0.7046199
NCT04157348,NCT03298061,6,0.7250106
NCT04157348,NCT02020889,6,0.81995285
NCT04157348,NCT00315393,6,0.4049967
NCT04157348,NCT01750697,6,0.6283852
NCT04157348,NCT00315380,6,0.48586008
NCT05945719,NCT05938101,8,0.8434721
NCT05945719,NCT03327753,8,0.41362908
NCT05945719,NCT04283409,8,0.42388293
NCT05945719,NCT05277038,6,0.3055957
NCT05945719,NCT05913817,6,0.3491058
NCT05945719,NCT06072235,6,0.50287837
NCT05945719,NCT00003232,6,0.3374356
NCT05945719,NCT01117870,6,0.42253038
NCT05945719,NCT02357459,6,0.36094028
NCT05945719,NCT02794103,6,0.3879331
NCT05945719,NCT03201874,6,0.41706136
NCT05945719,NCT02697812,6,0.3739099
NCT05945719,NCT01561547,6,0.38020885
NCT05945719,NCT03949179,6,0.47471812
NCT05945719,NCT05986370,6,0.27613634
NCT05945719,NCT03888235,6,0.3331396
NCT05945719,NCT04893369,6,0.47955626
NCT05945719,NCT05294432,6,0.4747074
NCT05945719,NCT05894772,6,0.39481884
NCT05945719,NCT04842097,6,0.46066338
NCT05945719,NCT00139776,6,0.37845573
NCT05945719,NCT05018104,6,0.423886
NCT05945719,NCT05713656,6,0.4070859
NCT05945719,NCT02764346,6,0.47395474
NCT05945719,NCT06204003,6,0.3524942
NCT05945719,NCT05161832,6,0.46646264
NCT05945719,NCT03672500,6,0.33192974
NCT05945719,NCT03094195,6,0.36917248
NCT05945719,NCT05217563,6,0.4610357
NCT05945719,NCT02116972,6,0.3692433
NCT05636176,NCT03037931,8,0.39137208
NCT05636176,NCT02347722,6,0.39993584
NCT05636176,NCT03532009,6,0.4556346
NCT05636176,NCT01281384,6,0.27097434
NCT05636176,NCT03499236,6,0.38240138
NCT05636176,NCT03016325,6,0.35434055
NCT05636176,NCT05724433,6,0.30750132
NCT05636176,NCT03152552,6,0.4569056
NCT05636176,NCT00368641,6,0.2515392
NCT05636176,NCT03541616,6,0.38632232
NCT05636176,NCT02661451,6,0.3347976
NCT05636176,NCT05737940,6,0.4602651
NCT05636176,NCT02116140,6,0.44253775
NCT05636176,NCT00267098,6,0.30101216
NCT05636176,NCT00232180,6,0.6052595
NCT05636176,NCT01864369,6,0.28806114
NCT05636176,NCT04986202,6,0.46548167
NCT05636176,NCT03088033,6,0.41175395
NCT05636176,NCT02717507,6,0.36030155
NCT05636176,NCT02456428,6,0.45866078
NCT05636176,NCT03547583,6,0.3540176
NCT05636176,NCT05560737,6,0.26144803
NCT05636176,NCT00959075,6,0.4407347
NCT05636176,NCT00358215,6,0.44426012
NCT05636176,NCT01685840,6,0.37375027
NCT05636176,NCT06217120,6,0.3969396
NCT05636176,NCT04245605,6,0.28235438
NCT05636176,NCT03103932,6,0.34489644
NCT05636176,NCT03066804,6,0.45801666
NCT05636176,NCT04066907,6,0.39390668
NCT04830124,NCT01584648,6,0.5715269
NCT04830124,NCT00297895,6,0.5601368
NCT04830124,NCT02251314,6,0.43504894
NCT04830124,NCT00612664,6,0.6615336
NCT04830124,NCT01667419,6,0.5969238
NCT04830124,NCT02159066,6,0.60712975
NCT04830124,NCT02967692,6,0.546302
NCT04830124,NCT01820364,6,0.6468434
NCT04830124,NCT00111007,6,0.5211772
NCT04830124,NCT01009775,6,0.5842621
NCT04830124,NCT03484923,6,0.63187414
NCT04830124,NCT01715077,6,0.50411785
NCT04830124,NCT01274338,6,0.5933863
NCT04830124,NCT01689519,6,0.51937723
NCT04830124,NCT02142218,6,0.60332894
NCT04830124,NCT05303493,6,0.5690259
NCT04830124,NCT04951583,6,0.55069995
NCT04830124,NCT01227889,6,0.55937004
NCT04830124,NCT05419388,6,0.6107757
NCT04830124,NCT05933577,6,0.64104146
NCT04830124,NCT03875079,6,0.69980204
NCT04830124,NCT01266967,6,0.56441754
NCT04830124,NCT02989064,6,0.5116112
NCT04830124,NCT00324155,6,0.5939132
NCT04830124,NCT00395070,6,0.57999676
NCT04830124,NCT04068181,6,0.64177674
NCT04830124,NCT01909453,6,0.619232
NCT04830124,NCT02740920,6,0.6108251
NCT04830124,NCT03980314,6,0.6105703
NCT04830124,NCT03860883,6,0.5418088
NCT05664737,NCT03263091,8,0.5614519
NCT05664737,NCT03528564,6,0.58661926
NCT05664737,NCT05648942,6,0.40884742
NCT05664737,NCT02892149,6,0.5402416
NCT05664737,NCT00559273,6,0.5949602
NCT05664737,NCT03578419,6,0.45273697
NCT05664737,NCT00782912,6,0.27455646
NCT05664737,NCT04455841,6,0.6550229
NCT05664737,NCT00413114,6,0.5574904
NCT05664737,NCT05682326,6,0.512479
NCT05664737,NCT05949684,6,0.73539555
NCT05664737,NCT05568225,6,0.59534127
NCT05664737,NCT03682536,6,0.82299715
NCT05664737,NCT01977482,6,0.6412026
NCT05664737,NCT02879305,6,0.59946513
NCT05664737,NCT01587924,6,0.61282146
NCT05664737,NCT03409107,6,0.55331624
NCT05664737,NCT06220461,6,0.40643197
NCT05664737,NCT00213291,6,0.44380966
NCT05664737,NCT02876835,6,0.5969802
NCT05664737,NCT02694978,6,0.51831234
NCT05664737,NCT00077766,6,0.5777434
NCT05664737,NCT02174731,6,0.5673952
NCT05664737,NCT03029208,6,0.61360025
NCT05664737,NCT02174627,6,0.58954
NCT05664737,NCT02680574,6,0.5453938
NCT05664737,NCT00318812,6,0.5079119
NCT05664737,NCT03400033,6,0.5856313
NCT05664737,NCT01587898,6,0.66237473
NCT05664737,NCT06303531,6,0.519044
NCT04671433,NCT04794101,8,0.92371756
NCT04671433,NCT03584165,6,0.6340115
NCT04671433,NCT04926129,6,0.40989652
NCT05731544,NCT00419666,6,0.40930504
NCT05731544,NCT03305809,6,0.3902624
NCT05731544,NCT02900664,6,0.6205225
NCT05731544,NCT03272815,6,0.44180948
NCT05731544,NCT04034628,6,0.32016194
NCT05731544,NCT02553889,6,0.665149
NCT05731544,NCT04569435,6,0.581327
NCT05731544,NCT03663335,6,0.6070985
NCT05731544,NCT00449865,6,0.56414783
NCT05731544,NCT01292655,6,0.67958736
NCT05731544,NCT02214121,6,0.57643795
NCT05731544,NCT05001737,6,0.54090595
NCT05731544,NCT03976375,6,0.5218654
NCT05731544,NCT01242904,6,0.5471767
NCT05731544,NCT02900027,6,0.5547868
NCT05731544,NCT06003608,6,0.45979464
NCT05731544,NCT00488839,6,0.5478352
NCT05731544,NCT02916745,6,0.52820927
NCT05731544,NCT06090292,6,0.46187153
NCT05731544,NCT05609968,6,0.50073653
NCT05731544,NCT05298787,6,0.6304533
NCT05396833,NCT04855656,8,0.6070205
NCT05396833,NCT04752215,8,0.5989812
NCT05396833,NCT02663518,8,0.5634799
NCT05396833,NCT05067283,8,0.6090089
NCT05396833,NCT05797168,8,0.46161893
NCT05396833,NCT04185883,8,0.5397106
NCT05396833,NCT03991832,6,0.63015956
NCT05396833,NCT01158274,6,0.5913065
NCT05396833,NCT04521621,6,0.6088411
NCT05396833,NCT02350673,6,0.57301635
NCT05396833,NCT04482309,6,0.5432883
NCT05396833,NCT05277051,6,0.5837083
NCT05396833,NCT01928394,6,0.6232595
NCT05396833,NCT02799095,6,0.5752254
NCT05396833,NCT05594043,6,0.60529965
NCT05396833,NCT02341625,6,0.598192
NCT05396833,NCT00138216,6,0.5557445
NCT05396833,NCT04943900,6,0.6033936
NCT05396833,NCT00357747,6,0.5153112
NCT05396833,NCT03799003,6,0.61696553
NCT05396833,NCT03661632,6,0.5760947
NCT05396833,NCT03805841,6,0.5188726
NCT05396833,NCT04919811,6,0.5808455
NCT05396833,NCT01548482,6,0.5133205
NCT05396833,NCT02830451,6,0.45064682
NCT05396833,NCT00387920,6,0.53207684
NCT05396833,NCT02937272,6,0.52352846
NCT05396833,NCT02556463,6,0.6040241
NCT05396833,NCT03770494,6,0.5915978
NCT05396833,NCT00625456,6,0.53685623
NCT04789616,NCT03712033,8,0.6129854
NCT04789616,NCT02951338,6,0.45607466
NCT04789616,NCT05421533,6,0.5122052
NCT04789616,NCT01189058,6,0.5062513
NCT04789616,NCT03006731,6,0.48515943
NCT04789616,NCT02898610,6,0.54162085
NCT04789616,NCT05447728,6,0.43912932
NCT04789616,NCT02258880,6,0.46209913
NCT04789616,NCT01733160,6,0.44442055
NCT04789616,NCT03570216,6,0.37876505
NCT04789616,NCT06386510,6,0.45300642
NCT04789616,NCT03191422,6,0.52206117
NCT04789616,NCT00262600,6,0.5112624
NCT04789616,NCT02494362,6,0.3926186
NCT04789616,NCT02597569,6,0.46330413
NCT04789616,NCT04044807,6,0.39733243
NCT04789616,NCT03126214,6,0.4512404
NCT04789616,NCT04029233,6,0.40988114
NCT04789616,NCT01769703,6,0.40566778
NCT04789616,NCT05791617,6,0.47390118
NCT04789616,NCT02387229,6,0.56484044
NCT04789616,NCT02405351,6,0.4060405
NCT04789616,NCT04484350,6,0.4444877
NCT04789616,NCT04309474,6,0.56869173
NCT04789616,NCT05016193,6,0.6110656
NCT04789616,NCT00084292,6,0.5362443
NCT04789616,NCT02285933,6,0.42626613
NCT04789616,NCT02316405,6,0.4107611
NCT04789616,NCT04142125,6,0.49250683
NCT04789616,NCT03494530,6,0.42663717
NCT01588496,NCT02624869,6,0.50390476
NCT01588496,NCT05682378,6,0.5687744
NCT01588496,NCT02023879,6,0.52704006
NCT01588496,NCT01475825,6,0.61237776
NCT01588496,NCT01007344,6,0.49225333
NCT01588496,NCT01112423,6,0.62030727
NCT01588496,NCT02472535,6,0.64209074
NCT01588496,NCT02722408,6,0.61131734
NCT01588496,NCT04659863,6,0.5692719
NCT01588496,NCT02476006,6,0.4924345
NCT01588496,NCT01644188,6,0.50731593
NCT01588496,NCT05217667,6,0.71942943
NCT01588496,NCT02434497,6,0.4648784
NCT01588496,NCT01651273,6,0.5799676
NCT01588496,NCT00607373,6,0.55894053
NCT01588496,NCT01763866,6,0.74618995
NCT01588496,NCT01571869,6,0.3552292
NCT01588496,NCT00908011,6,0.488084
NCT01588496,NCT02226198,6,0.48377115
NCT01588496,NCT01879319,6,0.62374014
NCT01588496,NCT05174663,6,0.454278
NCT01588496,NCT01412034,6,0.5040929
NCT01588496,NCT05611528,6,0.47864625
NCT01588496,NCT03175367,6,0.5281795
NCT01588496,NCT00730236,6,0.61340296
NCT01588496,NCT03455777,6,0.6231938
NCT01588496,NCT02651675,6,0.45488966
NCT01588496,NCT01849497,6,0.6324976
NCT01588496,NCT02009345,6,0.43893605
NCT01588496,NCT00794664,6,0.5424244
NCT06130566,NCT03745651,6,0.5587434
NCT06130566,NCT06311682,6,0.6625491
NCT06130566,NCT05651711,6,0.7541983
NCT06130566,NCT06144424,6,0.56190354
NCT06130566,NCT05439941,6,0.51664895
NCT06130566,NCT06395948,6,0.6331955
NCT06130566,NCT06224192,6,0.69979125
NCT06130566,NCT03517566,6,0.64646286
NCT06130566,NCT04804605,6,0.5836524
NCT06130566,NCT03428646,6,0.53726345
NCT06130566,NCT02612454,6,0.6452518
NCT06130566,NCT03100344,6,0.6632354
NCT06130566,NCT02926807,6,0.3342961
NCT06130566,NCT03703102,6,0.6636609
NCT06130566,NCT04392154,6,0.583755
NCT06130566,NCT05899816,6,0.6823075
NCT06130566,NCT05398445,6,0.7578313
NCT06130566,NCT05601882,6,0.6393759
NCT06130566,NCT03139981,6,0.630423
NCT06130566,NCT03054428,6,0.7551903
NCT06130566,NCT02950922,6,0.49592614
NCT06130566,NCT04773587,6,0.6166014
NCT06130566,NCT05844618,6,0.59512496
NCT06130566,NCT05602207,6,0.49273887
NCT06130566,NCT04845620,6,0.61493725
NCT06130566,NCT04537468,6,0.3537866
NCT06130566,NCT02407756,6,0.7077958
NCT06130566,NCT02466152,6,0.48217222
NCT06130566,NCT04018027,6,0.5628246
NCT06130566,NCT00666302,6,0.50188106
NCT03836261,NCT05465876,6,0.68002844
NCT03836261,NCT01290549,6,0.67642844
NCT03836261,NCT01133743,6,0.6148861
NCT03836261,NCT00438178,6,0.5071338
NCT03836261,NCT00801060,6,0.65526116
NCT03836261,NCT01627054,6,0.51437557
NCT03836261,NCT05963074,6,0.50762194
NCT03836261,NCT00963105,6,0.61396897
NCT03836261,NCT00513747,6,0.56033456
NCT03836261,NCT02970318,6,0.832867
NCT03836261,NCT02500407,6,0.6000922
NCT03836261,NCT02912754,6,0.5296488
NCT03836261,NCT01889186,6,0.63129765
NCT03836261,NCT00751296,6,0.52540183
NCT03836261,NCT00003764,6,0.55096334
NCT03836261,NCT02340780,6,0.5633771
NCT03836261,NCT02005471,6,0.7392942
NCT03836261,NCT03310190,6,0.48656932
NCT03836261,NCT00602459,6,0.5336583
NCT03836261,NCT00041288,6,0.52963233
NCT03836261,NCT00419250,6,0.6433424
NCT03836261,NCT00045513,6,0.5609563
NCT03836261,NCT01638533,6,0.51738787
NCT03836261,NCT01659021,6,0.68601036
NCT03836261,NCT02264574,6,0.67816556
NCT03836261,NCT00431873,6,0.5373029
NCT03836261,NCT04008706,6,0.8082697
NCT03836261,NCT01500083,6,0.5752861
NCT03836261,NCT01905943,6,0.7173449
NCT03836261,NCT00391066,6,0.67795694
NCT04371666,NCT02760277,6,0.6248786
NCT04371666,NCT02196467,6,0.43542585
NCT04371666,NCT03703882,6,0.68277633
NCT04371666,NCT02500381,6,0.62667125
NCT04371666,NCT03439670,6,0.68827754
NCT04371666,NCT03508947,6,0.68458086
NCT04371666,NCT01254019,6,0.7270591
NCT04371666,NCT02760264,6,0.61476195
NCT04371666,NCT03038399,6,0.5965808
NCT04371666,NCT06079736,6,0.53165305
NCT04371666,NCT02851797,6,0.6592737
NCT04371666,NCT03373968,6,0.5381899
NCT04371666,NCT03863119,6,0.5396281
NCT04371666,NCT03167255,6,0.5931302
NCT04371666,NCT03167255,6,0.5931302
NCT04371666,NCT04687020,6,0.53042525
NCT04371666,NCT03532542,6,0.62898093
NCT04371666,NCT04060199,6,0.64872354
NCT04371666,NCT03179631,6,0.6547308
NCT04371666,NCT02740972,6,0.6080537
NCT04371666,NCT02760277,6,0.6248786
NCT04371666,NCT03907072,6,0.6409821
NCT04371666,NCT01603407,6,0.69182277
NCT04371666,NCT04632940,6,0.9959119
NCT04371666,NCT04768062,6,0.59942204
NCT04371666,NCT01099761,6,0.6162643
NCT04371666,NCT04004065,6,0.56297964
NCT04371666,NCT03039686,6,0.6600847
NCT04371666,NCT02196467,6,0.43542585
NCT04371666,NCT05933057,6,0.6684699
NCT03403205,NCT04909346,6,0.52002805
NCT03403205,NCT04884815,6,0.71377754
NCT03403205,NCT04422431,6,0.7506459
NCT02268253,NCT05600894,8,0.51968044
NCT02268253,NCT03306264,6,0.4456776
NCT02268253,NCT02367456,6,0.5064485
NCT02268253,NCT03268954,6,0.4583808
NCT02268253,NCT01522976,6,0.52797866
NCT02268253,NCT02907359,6,0.5497809
NCT02268253,NCT00946647,6,0.5953094
NCT02268253,NCT00451048,6,0.5412038
NCT02268253,NCT04256317,6,0.48228118
NCT02268253,NCT02610777,6,0.46055296
NCT02268253,NCT01437787,6,0.47760746
NCT02268253,NCT04097821,6,0.4543071
NCT02268253,NCT02124746,6,0.5272491
NCT02268253,NCT04217356,6,0.48852807
NCT02268253,NCT04173494,6,0.4423454
NCT02268253,NCT05444972,6,0.45772138
NCT02268253,NCT00572897,6,0.3011227
NCT02268253,NCT04279847,6,0.54197866
NCT02268253,NCT04562389,6,0.4451526
NCT02268253,NCT02370706,6,0.4995173
NCT02268253,NCT04472598,6,0.37837592
NCT02268253,NCT02158858,6,0.48165923
NCT02268253,NCT01790295,6,0.42886835
NCT02268253,NCT00360035,6,0.47846335
NCT02268253,NCT03165734,6,0.46301627
NCT02268253,NCT01633372,6,0.45328626
NCT02268253,NCT02593760,6,0.3954683
NCT02268253,NCT04717414,6,0.5081088
NCT02268253,NCT02055781,6,0.46716666
NCT02268253,NCT01523171,6,0.48806947
NCT03391466,NCT01897571,6,0.62513953
NCT03391466,NCT01238692,6,0.7181085
NCT03391466,NCT04697160,6,0.67493767
NCT03391466,NCT02227251,6,0.74054706
NCT03391466,NCT01889186,6,0.69860786
NCT03391466,NCT04628494,6,0.7677875
NCT03391466,NCT04416984,6,0.6871502
NCT03391466,NCT03630159,6,0.64611715
NCT03391466,NCT02689284,6,0.5955537
NCT03391466,NCT02857426,6,0.6833647
NCT03391466,NCT02598661,6,0.53473693
NCT03391466,NCT04920617,6,0.6927055
NCT03391466,NCT00992173,6,0.60607415
NCT03391466,NCT02756611,6,0.74762076
NCT03391466,NCT01665794,6,0.6472931
NCT03391466,NCT02426086,6,0.6097307
NCT03391466,NCT04680052,6,0.5904055
NCT03391466,NCT01826214,6,0.6514717
NCT03391466,NCT04182204,6,0.6764194
NCT03391466,NCT02927769,6,0.68482155
NCT03391466,NCT00374296,6,0.61577797
NCT03391466,NCT02005471,6,0.67794716
NCT03391466,NCT02654990,6,0.65067667
NCT03391466,NCT01672736,6,0.62816525
NCT05844644,NCT03035149,6,0.4485927
NCT05844644,NCT02893943,6,0.52287334
NCT05844644,NCT02217579,6,0.47646978
NCT05844644,NCT02917668,6,0.4353939
NCT05844644,NCT02216552,6,0.45187837
NCT05844644,NCT04931017,6,0.41464135
NCT05844644,NCT00239538,6,0.38592827
NCT05844644,NCT02396524,6,0.3650885
NCT05844644,NCT03523403,6,0.5895684
NCT05844644,NCT00644098,6,0.5212784
NCT05844644,NCT00428571,6,0.5023452
NCT05844644,NCT01680913,6,0.2254625
NCT05844644,NCT05844631,6,0.9476031
NCT05844644,NCT02019264,6,0.52590424
NCT05844644,NCT02027077,6,0.63704073
NCT05844644,NCT03434665,6,0.44738805
NCT05844644,NCT05740670,6,0.62934583
NCT05844644,NCT01921582,6,0.5024738
NCT05844644,NCT01109199,6,0.6250664
NCT05844644,NCT05873660,6,0.42678946
NCT05844644,NCT03464500,6,0.5026886
NCT05844644,NCT06289504,6,0.49830475
NCT05844644,NCT02893943,6,0.52287334
NCT05844644,NCT02216552,6,0.45187837
NCT05844644,NCT03643341,6,0.4556562
NCT05844644,NCT01272219,6,0.5213353
NCT05844644,NCT01186952,6,0.5823631
NCT05844644,NCT03523403,6,0.5895684
NCT05844644,NCT00228176,6,0.4075031
NCT05844644,NCT01387126,6,0.5847104
NCT00388726,NCT01272037,8,0.6957129
NCT00388726,NCT05774951,8,0.62195325
NCT00388726,NCT02992782,6,0.5222032
NCT00388726,NCT00777101,6,0.67485243
NCT00388726,NCT01437566,6,0.6646137
NCT00388726,NCT06112379,6,0.642378
NCT00388726,NCT02132949,6,0.6299329
NCT00388726,NCT03036488,6,0.6540237
NCT00388726,NCT02954874,6,0.60522074
NCT00388726,NCT01077154,6,0.6389197
NCT00388726,NCT01303419,6,0.6021876
NCT00388726,NCT04228991,6,0.6015179
NCT00388726,NCT06247449,6,0.5556601
NCT00388726,NCT02861703,6,0.49013168
NCT00388726,NCT00003736,6,0.5042653
NCT00388726,NCT00005957,6,0.6365399
NCT00388726,NCT03277898,6,0.47519478
NCT00388726,NCT02876848,6,0.59141654
NCT00388726,NCT00909441,6,0.5151995
NCT00388726,NCT03407768,6,0.50191957
NCT00388726,NCT02308020,6,0.589517
NCT00388726,NCT05217966,6,0.5531791
NCT00388726,NCT06447532,6,0.47300923
NCT00388726,NCT03726879,6,0.6248186
NCT00388726,NCT03781063,6,0.555932
NCT00388726,NCT03493854,6,0.6184786
NCT00388726,NCT06386263,6,0.5382626
NCT00388726,NCT01047774,6,0.39998424
NCT00388726,NCT04671511,6,0.3979871
NCT00388726,NCT00333775,6,0.55705667
NCT05004051,NCT01225094,6,0.4990875
NCT05004051,NCT04150653,6,0.474852
NCT02559817,NCT02137213,6,0.42178407
NCT02559817,NCT00858754,6,0.6053608
NCT02559817,NCT04026113,6,0.8418898
NCT02559817,NCT01965652,6,0.6027317
NCT02559817,NCT03148002,6,0.4658409
NCT02559817,NCT00672477,6,0.65994775
NCT02559817,NCT01880424,6,0.7723188
NCT02559817,NCT04166058,6,0.78898853
NCT02559817,NCT02423564,6,0.5491494
NCT02559817,NCT01189409,6,0.5089167
NCT02559817,NCT00804141,6,0.49637353
NCT02559817,NCT00765999,6,0.73825395
NCT02559817,NCT02559570,6,0.86233515
NCT02559817,NCT00672139,6,0.5658019
NCT02559817,NCT01928953,6,0.4510096
NCT02559817,NCT03179475,6,0.47616175
NCT02559817,NCT06444139,6,0.5632426
NCT05295433,NCT04899310,6,0.84973705
NCT04185883,NCT04752215,8,0.55221987
NCT04185883,NCT02663518,8,0.600022
NCT04185883,NCT05797168,8,0.53668493
NCT04185883,NCT05067283,8,0.69317967
NCT04185883,NCT05396833,8,0.5397106
NCT04185883,NCT04855656,8,0.6631137
NCT04185883,NCT03991832,6,0.54539156
NCT04185883,NCT01158274,6,0.58316696
NCT04185883,NCT04521621,6,0.66970706
NCT04185883,NCT02350673,6,0.5992238
NCT04185883,NCT04482309,6,0.5368089
NCT04185883,NCT05277051,6,0.62891454
NCT04185883,NCT01928394,6,0.6228562
NCT04185883,NCT02799095,6,0.65696454
NCT04185883,NCT05594043,6,0.647639
NCT04185883,NCT02341625,6,0.57995605
NCT04185883,NCT00138216,6,0.5298491
NCT04185883,NCT04943900,6,0.6338958
NCT04185883,NCT00357747,6,0.52894604
NCT04185883,NCT03799003,6,0.56284237
NCT04185883,NCT03661632,6,0.6292075
NCT04185883,NCT03805841,6,0.63477594
NCT04185883,NCT04919811,6,0.54791224
NCT04185883,NCT01548482,6,0.5494029
NCT04185883,NCT02830451,6,0.42638546
NCT04185883,NCT00387920,6,0.61385983
NCT04185883,NCT02937272,6,0.538905
NCT04185883,NCT02556463,6,0.5398995
NCT04185883,NCT03770494,6,0.5592321
NCT04185883,NCT00625456,6,0.6013832
NCT05421325,NCT01586962,6,0.4012022
NCT05421325,NCT02563106,6,0.41925892
NCT05421325,NCT01576809,6,0.3841942
NCT05421325,NCT01787227,6,0.43654898
NCT04774159,NCT03394183,6,0.5344809
NCT04774159,NCT01732822,6,0.53066826
NCT04774159,NCT01382056,6,0.49932888
NCT03660826,NCT04159155,8,0.66222095
NCT03660826,NCT03367741,6,0.6052398
NCT03660826,NCT03016338,6,0.5651047
NCT03660826,NCT01935934,6,0.6421244
NCT03660826,NCT02724501,6,0.56532246
NCT03660826,NCT05201547,6,0.5863503
NCT03660826,NCT06132958,6,0.60000545
NCT03660826,NCT05255653,6,0.5881992
NCT03660826,NCT02725268,6,0.58926004
NCT03660826,NCT01767155,6,0.5148634
NCT03660826,NCT05634499,6,0.6176348
NCT03660826,NCT01886066,6,0.55015486
NCT03660826,NCT01005329,6,0.56703347
NCT03660826,NCT04269200,6,0.5634443
NCT03660826,NCT00770185,6,0.68382156
NCT03660826,NCT02042495,6,0.5458563
NCT03660826,NCT04634877,6,0.61724186
NCT03660826,NCT04290299,6,0.6645253
NCT03660826,NCT03555422,6,0.6316747
NCT03660826,NCT03517449,6,0.5719874
NCT03660826,NCT02564276,6,0.39230478
NCT03660826,NCT06038032,6,0.67154217
NCT03660826,NCT00072176,6,0.6534126
NCT03660826,NCT03914612,6,0.5546294
NCT03660826,NCT00003946,6,0.6136893
NCT03660826,NCT04362046,6,0.5795126
NCT03660826,NCT01467219,6,0.49826455
NCT03660826,NCT05797831,6,0.5847612
NCT03660826,NCT00016341,6,0.61456466
NCT03660826,NCT00883116,6,0.57187134
NCT04794101,NCT04671433,8,0.9237175
NCT04794101,NCT03584165,6,0.68420804
NCT04794101,NCT04926129,6,0.47470516
